deviceId,model,sdk,battery,network,region,lastSeen,state
REF-62E6B438,Android Device,33,88,wifi,CN,2026-09-04 11:37,online
REF-F8E25D94,REF-Tablet,30,9,wifi,ID,2026-07-03 07:05,offline
REF-1F21DDB6,REF-Tablet,29,33,5g,CN,2026-10-19 12:03,online
REF-1BECD7B0,REF-Tablet,30,42,4g,TH,2026-09-04 18:19,online
REF-2A61DBE2,REF-Tablet,34,86,wifi,VN,2026-02-18 22:04,online
REF-AE7769B1,Android Device,33,92,5g,ID,2026-06-15 18:59,offline
REF-6C90A958,REF-Phone,30,28,5g,TH,2026-02-19 09:33,offline
REF-F00902C7,REF-Phone,33,41,5g,CN,2026-02-17 13:10,offline
REF-36E87555,REF-Phone,33,10,5g,CN,2026-09-19 10:21,offline
REF-A8289FCD,REF-Phone,34,63,wifi,CN,2026-05-16 22:42,online
REF-1F88080B,REF-Tablet,31,87,5g,ID,2026-05-23 12:56,offline
REF-15C6AF07,REF-Phone,31,26,5g,CN,2026-08-02 06:49,offline
REF-311C70CF,REF-Tablet,30,55,4g,ID,2026-02-06 14:25,offline
REF-F2257159,Android Device,33,75,4g,ID,2026-06-22 12:14,online
REF-253E7C2A,Android Device,30,34,5g,TH,2026-01-16 18:11,offline
REF-582C9CBC,Android Device,30,58,5g,VN,2026-10-19 10:08,online
REF-84E69A5D,REF-Tablet,34,55,4g,ID,2026-07-04 15:40,offline
REF-1FEF7928,Android Device,29,31,4g,TH,2026-02-11 19:03,online
REF-100F49C8,REF-Tablet,30,73,wifi,VN,2026-10-01 02:55,online
REF-AD33A01C,REF-Phone,30,86,4g,VN,2026-10-12 15:07,online
REF-E953EE26,REF-Phone,33,66,4g,VN,2026-02-05 03:47,offline
REF-CD87A865,REF-Phone,33,93,wifi,CN,2026-04-17 11:09,online
REF-D215A82A,REF-Tablet,31,87,wifi,VN,2026-09-12 05:22,online
REF-9857F9A4,REF-Tablet,34,47,5g,TH,2026-10-26 06:51,online
REF-E17E4497,REF-Phone,30,30,5g,ID,2026-06-24 00:01,offline
REF-88E4B98D,REF-Phone,30,93,5g,VN,2026-08-26 23:22,offline
REF-249E259B,Android Device,29,34,4g,TH,2026-06-07 15:39,online
REF-8ABEC539,REF-Tablet,31,87,wifi,CN,2026-07-26 22:48,online
REF-8A605A91,Android Device,33,86,4g,CN,2026-12-13 14:25,online
REF-C98C67C2,Android Device,30,21,wifi,TH,2026-10-15 20:09,offline
REF-B842BC19,REF-Phone,30,75,5g,TH,2026-01-01 23:41,online
REF-96CE03F9,REF-Tablet,30,60,wifi,TH,2026-01-09 06:18,online
REF-D38084A0,REF-Tablet,31,38,5g,ID,2026-03-02 23:22,offline
REF-B997F351,REF-Tablet,34,58,5g,TH,2026-09-05 16:32,online
REF-EF703017,REF-Phone,30,82,wifi,TH,2026-03-05 15:39,online
REF-9E752FDF,Android Device,31,92,5g,ID,2026-02-18 01:15,online
REF-56E40990,Android Device,29,69,4g,CN,2026-02-15 10:39,online
REF-C156D1AD,REF-Phone,33,70,5g,ID,2026-09-08 22:33,offline
REF-FC3B9605,REF-Tablet,30,62,wifi,ID,2026-02-13 14:20,online
REF-BBD0D7FB,Android Device,33,14,wifi,VN,2026-02-25 04:45,offline
REF-349A4584,REF-Phone,30,64,wifi,CN,2026-07-16 05:42,online
REF-3955D6F0,REF-Tablet,33,70,4g,VN,2026-07-07 11:20,online
REF-C8DEE081,REF-Phone,29,48,5g,ID,2026-08-23 00:24,offline
REF-94768B8C,REF-Tablet,31,70,wifi,CN,2026-04-04 02:16,offline
REF-1A227385,Android Device,31,21,4g,VN,2026-07-05 17:58,offline
REF-C34E8ECE,REF-Phone,29,40,wifi,TH,2026-07-03 08:01,online
REF-DD37880E,REF-Phone,29,82,wifi,CN,2026-05-28 03:29,online
REF-66D2A68C,REF-Tablet,33,39,5g,TH,2026-01-17 22:15,online
REF-3954BA5C,REF-Phone,29,28,wifi,VN,2026-11-10 16:48,online
REF-5A3ADF99,REF-Phone,34,91,wifi,VN,2026-06-26 00:16,online
REF-13EDB920,Android Device,34,75,wifi,ID,2026-04-15 03:42,offline
REF-B81100A1,REF-Phone,34,55,5g,VN,2026-12-07 07:21,online
REF-E510BB04,REF-Tablet,30,56,4g,CN,2026-03-01 02:40,offline
REF-7E4505F5,Android Device,29,15,5g,ID,2026-09-22 09:38,online
REF-C153D69C,REF-Phone,29,63,wifi,TH,2026-05-15 00:16,offline
REF-64348156,REF-Tablet,31,36,wifi,VN,2026-04-12 05:00,offline
REF-71B2480C,Android Device,33,40,5g,TH,2026-04-17 00:05,offline
REF-E129D067,Android Device,30,56,5g,CN,2026-07-01 09:19,online
REF-25A0A8AE,REF-Tablet,34,24,5g,ID,2026-06-24 15:09,offline
REF-C96245D3,REF-Tablet,30,10,5g,ID,2026-12-23 16:08,online
REF-E38F8C45,REF-Tablet,34,96,5g,TH,2026-02-01 01:08,offline
REF-2ADBCE5D,REF-Phone,33,76,wifi,CN,2026-11-18 21:15,offline
REF-5387EE7B,Android Device,33,13,5g,CN,2026-11-17 02:47,offline
REF-508FC146,Android Device,31,35,5g,TH,2026-04-24 20:29,offline
REF-E874BC79,REF-Phone,29,66,5g,VN,2026-01-20 20:41,online
REF-23D5316F,REF-Tablet,30,47,4g,VN,2026-10-19 04:00,offline
REF-1F877AE3,REF-Phone,31,91,wifi,TH,2026-11-16 09:45,offline
REF-86F4251E,REF-Phone,33,20,5g,TH,2026-05-03 15:01,offline
REF-857F1CBA,Android Device,34,62,4g,ID,2026-04-07 02:37,online
REF-34491DF6,REF-Tablet,34,38,4g,TH,2026-10-27 20:32,offline
REF-F3096619,Android Device,31,34,4g,ID,2026-07-01 05:00,offline
REF-BE7C8F09,REF-Phone,33,43,5g,TH,2026-07-12 12:20,online
REF-E7196189,REF-Phone,29,46,4g,ID,2026-02-07 22:00,offline
REF-50D28406,REF-Phone,29,55,4g,CN,2026-06-14 08:54,online
REF-57D7DF79,Android Device,29,89,4g,TH,2026-04-09 13:32,offline
REF-4099F271,REF-Phone,33,8,5g,ID,2026-09-18 06:46,online
REF-1CAA7612,REF-Tablet,33,62,5g,TH,2026-11-28 09:31,online
REF-F9729F3F,REF-Tablet,30,26,4g,ID,2026-06-10 09:16,offline
REF-77FD5499,REF-Tablet,30,43,4g,ID,2026-02-06 20:10,online
REF-45372235,REF-Tablet,33,75,wifi,ID,2026-06-25 14:27,online
REF-9C3BA859,Android Device,30,16,wifi,VN,2026-09-03 10:15,offline
REF-5223B8AA,REF-Tablet,30,7,5g,ID,2026-07-14 23:33,online
REF-707A4732,REF-Phone,31,12,4g,VN,2026-10-12 04:43,online
REF-27B4834C,REF-Phone,30,54,4g,ID,2026-07-10 00:08,online
REF-7CD9E62A,REF-Tablet,33,80,4g,CN,2026-02-13 16:54,offline
REF-82EE6A2E,Android Device,29,33,wifi,TH,2026-09-22 03:52,offline
REF-25C2C81A,REF-Tablet,29,5,wifi,TH,2026-10-02 20:45,offline
REF-30C26F71,REF-Tablet,31,72,5g,ID,2026-12-25 03:06,online
REF-5CE3B0CC,REF-Tablet,34,29,4g,VN,2026-04-26 19:00,online
REF-99980C50,REF-Phone,33,40,4g,TH,2026-08-17 07:35,online
REF-177EF32A,REF-Phone,31,12,wifi,TH,2026-08-22 20:26,online
REF-51DB898E,Android Device,33,52,wifi,ID,2026-01-23 10:45,offline
REF-6CC0FF06,REF-Tablet,33,30,wifi,VN,2026-12-28 16:04,online
REF-8EE5E857,Android Device,31,29,wifi,ID,2026-04-09 09:06,offline
REF-AC2F6723,Android Device,30,67,4g,CN,2026-10-05 12:03,online
REF-160C8804,REF-Tablet,30,58,wifi,CN,2026-03-13 14:57,offline
REF-CB93C8EB,Android Device,29,26,4g,TH,2026-03-21 16:47,offline
REF-182A2F4D,REF-Phone,33,52,4g,ID,2026-03-04 00:05,offline
REF-24ACE1CB,REF-Phone,33,20,5g,TH,2026-07-12 09:52,offline
REF-267774EF,Android Device,33,30,4g,ID,2026-04-11 11:47,offline
REF-17C0909C,REF-Tablet,33,36,5g,ID,2026-01-13 01:29,online
REF-DDA79077,Android Device,31,29,5g,CN,2026-10-11 11:17,offline
REF-ADF24D5E,Android Device,31,100,5g,VN,2026-05-10 00:46,online
REF-1635AFEF,Android Device,29,65,5g,ID,2026-07-26 08:58,offline
REF-E096BFD6,REF-Phone,30,68,wifi,CN,2026-12-10 22:49,online
REF-AB750362,Android Device,31,45,4g,VN,2026-10-03 16:12,offline
REF-D0BD1D84,Android Device,30,57,wifi,CN,2026-08-18 17:20,online
REF-7D32A901,Android Device,29,38,5g,CN,2026-04-04 13:31,offline
REF-3C564D56,Android Device,30,58,4g,TH,2026-12-18 21:48,online
REF-D79DBC12,REF-Phone,31,40,5g,VN,2026-06-09 23:16,online
REF-807C5F3D,Android Device,30,36,wifi,TH,2026-05-19 06:20,online
REF-7564D134,REF-Phone,30,69,5g,TH,2026-11-26 03:41,offline
REF-197A5942,Android Device,29,65,wifi,ID,2026-06-02 09:14,online
REF-1CE66F73,Android Device,34,79,wifi,CN,2026-06-17 05:28,offline
REF-D6664843,REF-Tablet,29,18,5g,VN,2026-04-02 11:21,online
REF-1B4E7F7C,Android Device,31,9,5g,TH,2026-01-27 10:26,offline
REF-3F65AB4E,REF-Tablet,31,14,wifi,CN,2026-08-18 15:04,offline
REF-29F48C75,REF-Phone,34,24,5g,CN,2026-11-06 12:44,offline
REF-78E7ED23,REF-Phone,31,58,wifi,VN,2026-12-19 11:26,offline
REF-14A99E63,REF-Phone,30,55,5g,ID,2026-04-01 13:57,online
REF-7C7B31E2,Android Device,29,56,5g,VN,2026-08-25 05:08,online
REF-1D3BE8EE,REF-Tablet,30,87,4g,CN,2026-10-20 11:47,online
REF-3558D6C0,REF-Phone,31,25,5g,TH,2026-02-04 12:31,online
REF-5D36A8ED,Android Device,29,66,4g,CN,2026-10-21 12:05,online
REF-B3EC4D32,Android Device,34,56,5g,TH,2026-08-06 18:13,online
REF-7655B9F0,REF-Tablet,30,54,4g,CN,2026-03-08 23:52,online
REF-1A857746,REF-Tablet,29,90,4g,CN,2026-07-20 14:35,offline
REF-B626B097,REF-Phone,31,79,wifi,ID,2026-07-22 11:28,offline
REF-3DC378F2,Android Device,29,84,4g,ID,2026-04-15 19:49,offline
REF-E627D2B8,Android Device,33,56,wifi,CN,2026-03-12 13:23,online
REF-DD625A7F,REF-Phone,34,70,5g,CN,2026-01-21 04:05,offline
REF-D7132891,REF-Tablet,34,15,wifi,ID,2026-11-26 04:01,online
REF-AD373731,REF-Tablet,29,29,wifi,ID,2026-05-26 05:43,online
REF-20C5AB83,REF-Phone,34,37,wifi,VN,2026-10-09 14:09,offline
REF-90915AAF,REF-Phone,30,80,4g,TH,2026-06-12 01:12,online
REF-77498314,Android Device,31,91,4g,ID,2026-03-26 08:07,online
REF-B2E5C7D7,REF-Phone,33,76,5g,CN,2026-05-18 20:54,offline
REF-CCE88796,REF-Phone,31,53,4g,TH,2026-06-11 02:28,online
REF-3D3FE297,REF-Tablet,29,42,5g,VN,2026-05-21 18:59,offline
REF-CBA86DF7,Android Device,29,33,wifi,VN,2026-10-21 13:26,offline
REF-F542453D,Android Device,30,67,wifi,CN,2026-01-02 00:36,offline
REF-5DC1D327,Android Device,34,50,5g,TH,2026-07-19 09:37,online
REF-44456D5B,REF-Phone,34,65,wifi,TH,2026-01-26 07:45,online
REF-836B1BE2,Android Device,29,86,wifi,VN,2026-07-26 08:00,online
REF-B51B453F,REF-Tablet,31,81,5g,ID,2026-10-17 23:31,online
REF-3A43F047,Android Device,29,12,5g,CN,2026-07-06 07:10,online
REF-F967EBDB,Android Device,29,83,5g,TH,2026-03-14 06:33,offline
REF-E039B963,REF-Tablet,30,70,4g,CN,2026-05-21 01:56,offline
REF-C7245D1C,REF-Tablet,29,53,4g,ID,2026-02-24 20:28,online
REF-49D7C140,Android Device,31,34,5g,CN,2026-02-11 23:59,offline
REF-C630F005,Android Device,31,86,5g,ID,2026-11-26 16:16,offline
REF-B45A5209,Android Device,29,69,wifi,TH,2026-05-08 23:12,online
REF-CF03C644,REF-Phone,30,54,4g,TH,2026-07-28 20:58,offline
REF-88DE3361,REF-Tablet,29,8,4g,TH,2026-10-10 06:25,online
REF-A0B13F30,Android Device,30,9,wifi,CN,2026-02-20 05:22,online
REF-C363AF43,Android Device,29,10,wifi,CN,2026-12-03 23:02,online
REF-EB437386,REF-Tablet,31,30,5g,CN,2026-12-13 03:15,online
REF-440252A6,Android Device,29,9,5g,CN,2026-11-21 09:30,online
REF-31F59868,Android Device,30,42,4g,VN,2026-07-09 00:22,offline
REF-FE1ADDC8,REF-Phone,29,96,4g,VN,2026-10-17 15:54,offline
REF-AE475394,REF-Tablet,29,57,wifi,ID,2026-09-25 03:22,offline
REF-C4649035,Android Device,34,77,wifi,CN,2026-10-27 09:10,offline
REF-10552293,REF-Tablet,30,41,wifi,CN,2026-06-16 03:31,online
REF-8E9CE77A,REF-Tablet,31,70,4g,TH,2026-05-27 06:44,online
REF-8F919C89,Android Device,29,86,wifi,ID,2026-12-18 03:40,offline
REF-6B09B845,Android Device,33,55,5g,CN,2026-07-21 00:23,online
REF-5D9AA696,REF-Phone,33,74,5g,TH,2026-07-21 07:29,online
REF-98134E5E,REF-Tablet,34,87,wifi,VN,2026-10-11 16:09,offline
REF-B97F65BD,REF-Tablet,31,26,4g,ID,2026-12-25 08:37,online
REF-30454643,REF-Phone,33,87,5g,TH,2026-09-07 08:19,online
REF-C92C8DEC,Android Device,30,97,4g,VN,2026-03-08 10:12,offline
REF-CA8E3338,Android Device,30,89,wifi,TH,2026-07-05 04:50,offline
REF-CBB91047,REF-Phone,33,40,wifi,CN,2026-11-04 08:13,offline
REF-86C338FA,Android Device,29,56,4g,TH,2026-09-21 09:29,online
REF-344DD37F,REF-Phone,34,99,4g,CN,2026-12-08 13:44,offline
REF-E8930882,Android Device,34,34,5g,TH,2026-11-04 14:27,offline
REF-5282C843,REF-Tablet,29,58,wifi,ID,2026-12-23 20:10,offline
REF-E974FEC5,REF-Phone,33,63,wifi,ID,2026-09-22 21:59,online
REF-F4FD960E,REF-Tablet,31,6,4g,ID,2026-02-02 08:34,online
REF-392CFB34,REF-Tablet,30,71,4g,CN,2026-10-15 17:13,offline
REF-931EF5C3,Android Device,31,71,4g,ID,2026-12-15 06:43,online
REF-747A6C08,REF-Tablet,29,98,5g,VN,2026-11-02 08:17,offline
REF-7651B3C4,Android Device,29,14,4g,ID,2026-11-23 21:22,offline
REF-2BF85D11,Android Device,31,99,4g,TH,2026-07-15 06:10,online
REF-FDEE65EF,Android Device,30,65,5g,TH,2026-03-12 21:40,offline
REF-87D5759D,REF-Phone,34,88,wifi,ID,2026-06-26 07:17,offline
REF-BFFCD247,REF-Phone,33,91,wifi,ID,2026-01-26 23:51,offline
REF-6BA46881,Android Device,31,46,4g,ID,2026-07-20 20:05,offline
REF-371AD4C0,REF-Phone,33,12,wifi,VN,2026-03-17 11:40,online
REF-B845063A,Android Device,30,14,5g,VN,2026-05-20 03:37,online
REF-EAAB2302,Android Device,30,62,4g,TH,2026-04-13 17:10,online
REF-BB200EFF,REF-Tablet,31,30,4g,TH,2026-09-03 23:53,offline
REF-BBD5A1AE,Android Device,34,20,4g,ID,2026-04-27 04:30,offline
REF-9EA4DC66,Android Device,33,64,wifi,ID,2026-04-16 05:34,online
REF-390D2EC3,REF-Phone,33,94,5g,ID,2026-11-10 14:23,offline
REF-7B379413,REF-Tablet,29,28,5g,VN,2026-11-21 00:01,online
REF-BEBE1773,REF-Tablet,31,17,5g,ID,2026-08-25 04:02,online
REF-C7DAEA11,REF-Phone,30,48,wifi,VN,2026-06-16 16:35,online
REF-58BE1FA6,REF-Phone,31,59,4g,CN,2026-05-10 11:52,offline
REF-775AD461,REF-Phone,34,39,5g,VN,2026-04-21 15:50,online
REF-64B59E2D,Android Device,31,96,4g,TH,2026-10-21 02:50,online
REF-761CE41C,REF-Tablet,34,56,5g,CN,2026-07-10 03:00,online
REF-409FF5B2,REF-Phone,34,89,wifi,ID,2026-10-05 20:43,online
REF-46667DC9,Android Device,33,85,wifi,CN,2026-11-06 01:26,online
REF-FA015583,REF-Tablet,29,52,wifi,VN,2026-09-23 08:55,offline
REF-3F4D8051,REF-Phone,29,45,wifi,ID,2026-10-21 18:59,online
REF-8F6D8839,REF-Tablet,34,10,wifi,ID,2026-10-23 12:28,online
REF-139E0D8B,REF-Tablet,33,81,5g,TH,2026-08-25 13:35,online
REF-253A8E30,REF-Tablet,33,32,wifi,CN,2026-07-01 00:43,online
REF-EBC47E5E,Android Device,30,20,wifi,ID,2026-01-09 23:36,online
REF-836619A2,REF-Tablet,30,11,4g,TH,2026-12-25 02:18,offline
REF-85E88D7E,REF-Tablet,31,11,5g,CN,2026-01-02 00:56,online
REF-73922438,REF-Phone,31,98,5g,TH,2026-08-20 01:20,offline
REF-A330CA45,REF-Tablet,33,65,5g,TH,2026-03-26 03:23,online
REF-B13475FE,REF-Phone,33,54,4g,VN,2026-10-11 09:17,online
REF-AF316305,REF-Tablet,34,47,5g,CN,2026-03-20 09:37,offline
REF-F35C18A0,Android Device,33,54,5g,ID,2026-10-25 07:51,offline
REF-5886F572,REF-Tablet,29,46,4g,VN,2026-07-06 18:58,online
REF-59DC8A9F,Android Device,34,23,4g,ID,2026-06-18 02:34,offline
REF-DC21A87A,REF-Phone,30,97,wifi,VN,2026-10-02 21:25,offline
REF-C555B9FA,Android Device,31,80,wifi,ID,2026-08-18 02:34,offline
REF-D5ACB068,Android Device,30,55,5g,VN,2026-09-11 15:32,online
REF-406C3A5A,Android Device,30,16,wifi,VN,2026-06-19 18:22,offline
REF-D7966470,REF-Tablet,30,36,wifi,ID,2026-06-28 03:23,offline
REF-D98F9BF5,Android Device,30,45,5g,CN,2026-06-09 16:38,online
REF-2815F07D,Android Device,30,77,4g,TH,2026-05-25 08:27,online
REF-82658833,REF-Tablet,34,21,4g,CN,2026-06-07 05:24,online
REF-170B80F4,Android Device,29,76,4g,ID,2026-08-28 02:55,offline
REF-FC125488,Android Device,29,37,4g,TH,2026-11-03 21:32,offline
REF-3EC37AC9,REF-Phone,30,52,wifi,TH,2026-03-02 08:22,online
REF-F71AEBA5,REF-Tablet,29,11,4g,ID,2026-01-04 04:20,online
REF-42EE7F64,REF-Tablet,31,80,5g,ID,2026-11-04 15:20,offline
REF-51CB712F,REF-Phone,29,52,4g,ID,2026-03-15 07:51,online
REF-FA0F7718,REF-Tablet,29,64,5g,TH,2026-01-06 07:04,offline
REF-F3825693,REF-Tablet,30,62,wifi,ID,2026-01-21 02:28,offline
REF-6293A807,Android Device,33,19,5g,VN,2026-03-11 07:47,online
REF-3E242FC8,REF-Tablet,33,75,wifi,ID,2026-03-09 13:26,online
REF-37DB1173,Android Device,31,78,4g,VN,2026-03-09 15:06,offline
REF-84C8847B,REF-Phone,29,24,5g,CN,2026-11-26 21:59,online
REF-9F58640B,REF-Phone,31,20,4g,TH,2026-06-14 08:15,online
REF-28FA029E,REF-Phone,31,58,wifi,CN,2026-12-10 04:40,online
REF-812E17F6,REF-Tablet,31,70,wifi,ID,2026-01-26 16:18,online
REF-6C2F7626,REF-Phone,29,57,wifi,VN,2026-10-06 04:53,online
REF-958B089A,Android Device,30,30,5g,CN,2026-02-20 23:31,offline
REF-3CE1A325,Android Device,30,83,5g,TH,2026-10-10 06:00,online
REF-C136D5FB,REF-Tablet,34,57,5g,CN,2026-09-26 11:21,offline
REF-E7874650,REF-Tablet,33,16,wifi,ID,2026-08-05 21:17,online
REF-3FA11D65,REF-Tablet,31,9,wifi,VN,2026-10-20 00:22,offline
REF-94000732,Android Device,29,50,5g,TH,2026-06-25 22:55,offline
REF-A3892B39,Android Device,31,18,5g,ID,2026-08-17 00:33,online
REF-154BCBCB,Android Device,29,33,5g,TH,2026-03-04 09:16,online
REF-14FAC06E,Android Device,30,38,wifi,ID,2026-09-08 22:28,online
REF-69C775BE,Android Device,30,10,4g,CN,2026-08-16 18:32,offline
REF-2C2B94EB,Android Device,29,56,wifi,TH,2026-04-05 21:36,offline
REF-CF1FC521,REF-Phone,30,7,5g,ID,2026-12-14 19:53,online
REF-75483C3C,Android Device,31,48,4g,TH,2026-06-23 13:53,offline
REF-E0A6ABC0,REF-Phone,34,11,4g,TH,2026-11-12 07:55,offline
REF-B9C22075,REF-Tablet,29,51,wifi,TH,2026-02-11 13:12,online
REF-49B8F4A7,Android Device,33,55,4g,CN,2026-01-02 20:39,offline
REF-FAFD6A99,REF-Tablet,34,39,5g,CN,2026-10-04 08:07,online
REF-7F066429,Android Device,29,41,wifi,VN,2026-06-21 05:07,online
REF-A8235599,REF-Tablet,31,15,4g,TH,2026-08-04 16:08,offline
REF-FA63FC95,REF-Phone,34,41,4g,TH,2026-12-03 23:34,offline
REF-E6F9AC8B,REF-Phone,34,93,5g,TH,2026-11-13 06:35,offline
REF-85FC74C4,REF-Tablet,31,83,4g,ID,2026-05-01 07:21,online
REF-405576F3,REF-Tablet,34,54,5g,ID,2026-01-12 05:55,online
REF-62EE8D44,REF-Tablet,31,67,4g,VN,2026-04-10 01:49,online
REF-3897D372,REF-Tablet,29,82,4g,ID,2026-11-02 16:24,offline
REF-6AA72B97,REF-Tablet,29,71,wifi,TH,2026-07-11 21:22,online
REF-BCE357B4,Android Device,34,83,4g,CN,2026-12-28 23:59,offline
REF-54C862CF,REF-Tablet,30,57,wifi,CN,2026-07-25 17:37,online
REF-8F7545C0,REF-Phone,34,24,4g,VN,2026-10-20 03:24,offline
REF-C1511400,REF-Phone,31,97,4g,VN,2026-06-13 16:35,offline
REF-B5F08356,REF-Phone,29,100,4g,ID,2026-08-10 05:34,offline
REF-DD8E4DC5,Android Device,33,78,4g,TH,2026-02-27 10:20,online
REF-6368DE8B,Android Device,33,6,wifi,CN,2026-05-19 15:19,offline
REF-99DB1C3F,REF-Tablet,33,71,5g,ID,2026-07-15 11:02,offline
REF-83FC1174,Android Device,29,72,wifi,CN,2026-07-12 16:25,online
REF-F13CDF92,Android Device,33,67,4g,ID,2026-10-19 10:44,online
REF-3BB4754A,REF-Phone,31,51,wifi,VN,2026-09-06 03:41,offline
REF-C09C724A,REF-Phone,34,58,5g,TH,2026-09-10 16:13,online
REF-7989D89E,Android Device,29,85,5g,CN,2026-06-19 20:40,online
REF-C115D13B,REF-Phone,29,5,4g,CN,2026-05-13 03:37,online
REF-BB090579,Android Device,30,27,4g,VN,2026-11-18 16:09,online
REF-793DE148,REF-Tablet,29,23,wifi,CN,2026-01-04 02:10,offline
REF-E2B95B81,REF-Phone,34,60,wifi,CN,2026-11-25 18:20,online
REF-C7283CCB,Android Device,31,40,wifi,CN,2026-05-21 03:54,online
REF-695116E1,Android Device,33,84,4g,CN,2026-01-08 12:37,online
REF-808C5162,Android Device,34,35,wifi,TH,2026-01-06 18:54,online
REF-60964E95,Android Device,33,43,4g,VN,2026-08-03 07:43,offline
REF-BCC6E787,REF-Tablet,34,33,4g,VN,2026-07-23 15:01,online
REF-26642602,Android Device,30,50,4g,TH,2026-01-10 12:35,offline
REF-2D69311D,REF-Phone,34,54,4g,ID,2026-11-03 03:27,offline
REF-9DC88649,Android Device,33,29,4g,VN,2026-06-08 13:02,offline
REF-BA0DE399,Android Device,31,24,wifi,TH,2026-02-07 08:34,online
REF-9E12E447,REF-Phone,33,35,wifi,VN,2026-06-07 23:25,offline
REF-B11CABDE,REF-Tablet,30,43,4g,TH,2026-04-28 14:43,online
REF-C4DB6CF0,REF-Phone,34,61,5g,VN,2026-09-08 12:38,online
REF-3021DC2C,Android Device,34,16,5g,VN,2026-12-25 12:01,online
REF-5F8FDD84,Android Device,33,95,wifi,TH,2026-04-11 06:42,online
REF-216DBE5B,REF-Tablet,31,69,4g,TH,2026-02-23 09:05,online
REF-59DF9B07,Android Device,33,41,4g,ID,2026-08-25 20:56,online
REF-FFCE3323,REF-Phone,30,8,4g,VN,2026-07-01 21:45,offline
REF-4F9884B9,REF-Phone,31,85,wifi,TH,2026-05-04 08:58,online
REF-C66C1B49,REF-Tablet,29,56,wifi,TH,2026-07-07 09:09,offline
REF-CD02C4DA,Android Device,34,44,5g,TH,2026-10-27 07:36,offline
REF-C77555E7,REF-Tablet,31,60,5g,VN,2026-01-04 20:18,online
REF-F0075C62,REF-Tablet,34,94,wifi,TH,2026-11-04 01:50,offline
REF-45CBAE1F,REF-Phone,29,58,5g,ID,2026-12-20 07:17,online
REF-695A75EE,REF-Phone,33,48,5g,ID,2026-09-02 21:44,online
REF-7DA85F04,REF-Tablet,34,21,4g,TH,2026-01-23 17:16,online
REF-9BE11959,Android Device,30,74,4g,TH,2026-01-06 11:22,offline
REF-27B0A8A2,Android Device,31,22,wifi,ID,2026-11-16 07:45,online
REF-11815723,REF-Tablet,33,22,5g,VN,2026-12-10 04:56,online
REF-A669EBAE,REF-Tablet,30,47,5g,CN,2026-09-14 05:43,online
REF-A9434EA9,REF-Phone,33,31,wifi,VN,2026-01-12 15:13,online
REF-1F71E85E,REF-Phone,31,30,wifi,VN,2026-08-04 05:20,offline
REF-87FA10A3,REF-Tablet,31,42,wifi,CN,2026-01-01 14:48,offline
REF-257F2CC4,REF-Tablet,31,99,5g,VN,2026-02-21 15:27,offline
REF-40974C01,REF-Tablet,31,6,4g,CN,2026-11-10 20:39,offline
REF-B72FC9B3,Android Device,29,22,5g,CN,2026-01-25 12:53,online
REF-5BDB52C7,REF-Phone,30,86,5g,TH,2026-02-26 23:53,offline
REF-CE08E40D,REF-Tablet,31,53,wifi,VN,2026-06-08 11:08,offline
REF-E67B6ABC,REF-Phone,30,12,wifi,CN,2026-10-26 20:58,offline
REF-F7BAE92C,Android Device,30,68,4g,ID,2026-12-06 09:38,online
REF-3452C038,REF-Tablet,30,25,wifi,ID,2026-11-13 02:02,offline
REF-8ABA0CF3,Android Device,30,97,4g,CN,2026-01-27 19:54,offline
REF-34A64615,REF-Phone,29,89,wifi,ID,2026-06-03 14:00,online
REF-F76C808B,REF-Tablet,30,53,4g,CN,2026-08-26 18:43,offline
REF-A148AC6E,Android Device,33,15,5g,VN,2026-09-15 13:34,online
REF-76BFFC83,REF-Tablet,34,15,wifi,VN,2026-10-22 09:36,offline
REF-6E5F1A0F,REF-Phone,30,43,4g,CN,2026-04-08 21:47,offline
REF-C0FCEBAE,Android Device,30,89,5g,VN,2026-09-19 13:23,online
REF-A097B75E,REF-Phone,33,38,wifi,TH,2026-03-07 17:47,online
REF-48A47180,REF-Phone,29,29,5g,VN,2026-12-16 07:35,offline
REF-49FF77F9,REF-Tablet,34,94,wifi,CN,2026-07-22 02:51,offline
REF-32607F88,REF-Tablet,34,69,5g,CN,2026-11-24 16:06,offline
REF-E488B0A4,REF-Tablet,33,74,wifi,TH,2026-10-16 02:08,offline
REF-D6B2ADA6,REF-Tablet,29,56,wifi,CN,2026-06-02 00:44,online
REF-85AF45A8,REF-Phone,29,95,wifi,ID,2026-02-20 06:36,online
REF-FAE199B6,REF-Tablet,31,26,4g,VN,2026-12-22 00:52,offline
REF-2F6ABAC1,Android Device,31,70,5g,VN,2026-12-16 01:52,offline
REF-29825A91,REF-Phone,34,46,5g,CN,2026-01-22 07:16,offline
REF-41722549,REF-Tablet,33,7,5g,ID,2026-02-26 00:31,online
REF-22E1988D,REF-Phone,30,24,5g,VN,2026-11-22 12:53,online
REF-A69BD713,REF-Phone,34,93,4g,ID,2026-01-01 10:09,offline
REF-9074514C,REF-Phone,29,9,wifi,TH,2026-10-27 20:43,offline
REF-E7CC2577,REF-Phone,30,93,4g,ID,2026-04-28 19:33,online
REF-6C6611FF,REF-Phone,34,32,4g,TH,2026-10-20 01:13,online
REF-E1B5C55F,REF-Phone,33,47,5g,ID,2026-07-12 10:00,offline
REF-A443EFE9,REF-Phone,31,34,wifi,TH,2026-08-20 01:40,online
REF-CA1A40EE,REF-Tablet,30,39,4g,VN,2026-02-17 08:22,online
REF-C2D80F0B,Android Device,34,17,wifi,ID,2026-11-19 20:06,offline
REF-DABA1BC4,REF-Phone,30,23,5g,CN,2026-05-25 10:47,offline
REF-9247BB4D,REF-Tablet,30,49,5g,ID,2026-06-02 22:21,offline
REF-F237B324,REF-Phone,34,52,wifi,TH,2026-06-05 04:13,online
REF-F38620D7,REF-Tablet,33,56,4g,ID,2026-10-25 09:59,online
REF-A6380EA0,Android Device,30,43,5g,VN,2026-05-24 18:35,offline
REF-22D0EE52,Android Device,34,15,5g,TH,2026-05-19 11:29,offline
REF-D6419F7D,REF-Tablet,33,97,wifi,ID,2026-06-06 08:57,offline
REF-9BE66EEC,Android Device,30,85,4g,TH,2026-12-01 06:03,offline
REF-82AACD6D,Android Device,34,41,5g,CN,2026-04-08 23:03,online
REF-A9DC8EA7,Android Device,29,14,5g,VN,2026-12-05 00:12,offline
REF-9974DCE4,REF-Tablet,29,86,4g,CN,2026-04-11 10:55,online
REF-B6207B28,REF-Phone,33,83,5g,VN,2026-03-02 13:50,online
REF-26529C73,REF-Tablet,34,47,4g,ID,2026-05-15 00:01,offline
REF-A06B6EF7,REF-Tablet,31,12,4g,VN,2026-03-03 00:09,online
REF-34853CC2,REF-Tablet,29,50,4g,ID,2026-06-18 21:37,online
REF-B848B3C8,REF-Tablet,34,47,wifi,VN,2026-12-16 01:49,offline
REF-B6D1EE17,REF-Tablet,33,76,4g,VN,2026-09-17 08:08,offline
REF-12507735,REF-Tablet,33,17,5g,VN,2026-03-21 07:25,online
REF-FFDBFB75,Android Device,34,22,wifi,CN,2026-09-17 06:35,online
REF-52553C17,REF-Tablet,31,99,wifi,TH,2026-12-28 05:33,online
REF-69CFDF89,REF-Tablet,30,61,4g,TH,2026-11-12 12:29,online
REF-62E6A34D,Android Device,29,89,5g,CN,2026-02-26 20:58,offline
REF-BC992BD4,REF-Phone,29,34,5g,ID,2026-07-13 21:40,online
REF-17DC63C8,REF-Phone,29,38,5g,ID,2026-04-08 11:13,offline
REF-D258CBD1,REF-Phone,31,43,4g,TH,2026-10-26 05:30,offline
REF-D064E507,Android Device,31,41,wifi,VN,2026-01-16 07:10,offline
REF-BECA3C2E,REF-Tablet,34,62,wifi,CN,2026-04-28 23:23,online
REF-D7A1F264,REF-Phone,30,60,wifi,VN,2026-11-01 03:09,online
REF-322578ED,REF-Phone,30,69,5g,VN,2026-02-25 05:29,offline
REF-2719679C,REF-Phone,31,87,5g,ID,2026-06-02 18:15,online
REF-DAC7CF63,REF-Tablet,29,9,wifi,TH,2026-10-14 22:06,online
REF-1C5E9C7A,REF-Phone,29,19,wifi,ID,2026-03-17 13:00,online
REF-495250C3,REF-Tablet,34,23,5g,CN,2026-09-12 15:58,online
REF-697500FE,Android Device,30,98,wifi,VN,2026-12-06 00:16,offline
REF-21A4CB7A,Android Device,30,70,wifi,ID,2026-09-12 08:00,offline
REF-C02A3B27,Android Device,33,74,4g,VN,2026-12-14 23:45,offline
REF-76376B92,REF-Phone,31,74,4g,ID,2026-03-13 12:56,offline
REF-DDC2D189,Android Device,29,35,5g,VN,2026-12-20 23:24,online
REF-E3579EB4,Android Device,29,16,5g,CN,2026-12-02 12:44,offline
REF-BF5264B9,REF-Tablet,33,75,5g,VN,2026-08-19 00:30,offline
REF-9297D497,REF-Phone,34,74,4g,TH,2026-11-26 23:55,offline
REF-6AEE96D0,REF-Tablet,29,55,5g,VN,2026-10-22 21:52,offline
REF-226E45A3,REF-Tablet,34,90,wifi,VN,2026-05-27 15:54,offline
REF-95A4A134,REF-Tablet,33,78,wifi,TH,2026-02-25 16:23,online
REF-97088D61,Android Device,31,35,5g,TH,2026-03-27 21:29,online
REF-B3F980D0,REF-Tablet,29,46,4g,VN,2026-07-04 13:09,offline
REF-7009A07A,Android Device,31,50,5g,VN,2026-08-22 02:17,offline
REF-5A5E3677,REF-Phone,29,62,5g,ID,2026-12-26 05:48,online
REF-1183F138,REF-Tablet,30,51,4g,TH,2026-10-12 16:21,offline
REF-50BBD684,Android Device,34,30,wifi,VN,2026-01-19 05:19,offline
REF-FABB98B9,REF-Phone,31,35,4g,ID,2026-02-17 20:31,online
REF-43A17E4B,Android Device,33,42,5g,VN,2026-01-23 14:24,offline
REF-1AB04A87,REF-Tablet,31,57,4g,VN,2026-06-08 12:54,online
REF-FCC0CFDE,REF-Tablet,30,96,5g,VN,2026-02-22 06:21,online
REF-2476E333,REF-Phone,33,55,5g,ID,2026-08-21 00:06,offline
REF-FF6002FB,REF-Phone,33,58,4g,TH,2026-02-15 12:31,online
REF-9304D715,Android Device,30,99,wifi,ID,2026-09-02 21:18,offline
REF-D4EC2750,REF-Phone,33,20,wifi,TH,2026-02-19 00:06,offline
REF-26979162,Android Device,34,63,wifi,TH,2026-12-11 15:55,online
REF-9CE58671,REF-Tablet,33,79,wifi,ID,2026-01-28 20:09,offline
REF-659709AE,Android Device,34,5,wifi,VN,2026-09-09 02:20,offline
REF-51493F1B,REF-Tablet,31,76,4g,ID,2026-11-02 09:19,online
REF-EDE4FAF1,REF-Phone,33,74,4g,VN,2026-04-05 01:13,offline
REF-FEB51898,REF-Phone,33,95,5g,TH,2026-06-26 10:12,offline
REF-FB5C670F,REF-Tablet,34,89,wifi,VN,2026-01-18 02:26,offline
REF-190A5B58,REF-Phone,30,61,4g,TH,2026-12-07 18:39,offline
REF-77EFEC23,REF-Tablet,33,31,wifi,CN,2026-03-14 20:07,online
REF-33124764,Android Device,34,68,wifi,CN,2026-12-18 23:51,online
REF-8F8B25FD,Android Device,31,32,5g,TH,2026-03-25 22:13,online
REF-8735B418,Android Device,30,16,wifi,ID,2026-04-22 08:45,offline
REF-BF97FAEC,REF-Phone,30,12,5g,TH,2026-01-06 14:18,online
REF-EFED9D7A,REF-Tablet,31,95,5g,TH,2026-05-09 10:35,online
REF-36E2C66F,REF-Tablet,30,55,wifi,VN,2026-07-05 20:18,online
REF-B7A2DDCD,REF-Tablet,29,30,4g,TH,2026-12-06 13:21,offline
REF-2D4788C8,Android Device,31,20,5g,TH,2026-11-17 16:04,offline
REF-8D6B2098,REF-Phone,29,68,wifi,TH,2026-08-09 09:38,online
REF-438A07E2,Android Device,33,39,wifi,VN,2026-01-19 19:06,online
REF-6823F33E,Android Device,30,89,4g,CN,2026-03-11 11:28,offline
REF-4F555E9E,REF-Phone,31,27,wifi,VN,2026-02-24 17:29,online
REF-CF38BA6C,REF-Tablet,29,25,5g,ID,2026-08-02 01:02,online
REF-79BAFA1D,REF-Tablet,30,58,5g,VN,2026-02-12 23:42,online
REF-6C0412D2,Android Device,29,47,wifi,ID,2026-05-05 08:06,online
REF-F10A2E93,Android Device,29,24,4g,VN,2026-09-18 03:20,offline
REF-4EF7E5AB,Android Device,34,73,wifi,VN,2026-06-07 09:25,online
REF-308A802B,Android Device,34,69,wifi,CN,2026-01-04 01:31,online
REF-C05F9E08,REF-Tablet,30,16,wifi,TH,2026-05-01 13:25,online
REF-5ABDBEA7,REF-Tablet,29,15,5g,TH,2026-04-08 19:49,online
REF-E2450B1B,Android Device,29,81,4g,CN,2026-01-07 19:49,online
REF-E08CA03A,REF-Phone,31,15,4g,TH,2026-01-11 13:50,offline
REF-1840D47C,Android Device,30,23,5g,TH,2026-03-26 11:49,online
REF-44283557,Android Device,30,92,4g,CN,2026-01-26 15:02,offline
REF-968AA104,REF-Phone,29,82,5g,CN,2026-04-28 20:03,offline
REF-D95FBBF0,REF-Phone,29,88,5g,VN,2026-10-06 15:43,offline
REF-328B8404,REF-Phone,31,11,5g,ID,2026-11-19 05:27,offline
REF-E33E9733,REF-Tablet,34,43,5g,CN,2026-02-26 08:48,online
REF-4D7796DE,Android Device,34,63,5g,TH,2026-08-19 21:56,online
REF-745AF88D,REF-Tablet,33,85,5g,VN,2026-07-13 02:14,offline
REF-B9CCB0C8,REF-Tablet,33,44,wifi,VN,2026-08-20 00:07,offline
REF-7B2D1E45,REF-Phone,34,43,4g,TH,2026-06-18 06:05,offline
REF-74D4B7B1,REF-Phone,34,9,4g,VN,2026-02-09 05:44,offline
REF-784E487A,REF-Tablet,34,35,wifi,TH,2026-11-21 01:24,online
REF-73C166F4,REF-Phone,31,24,4g,TH,2026-04-12 19:56,offline
REF-5EFE55FB,REF-Phone,31,69,5g,TH,2026-03-13 16:00,online
REF-EA7E7234,Android Device,29,36,4g,VN,2026-12-12 21:06,offline
REF-329180A8,REF-Phone,33,14,5g,VN,2026-08-09 09:23,offline
REF-B9420DFE,REF-Tablet,33,71,5g,CN,2026-11-16 15:23,online
REF-1E9635FB,REF-Tablet,29,76,4g,ID,2026-05-25 16:57,online
REF-CA96AA4A,REF-Tablet,33,9,4g,ID,2026-03-01 08:09,online
REF-A6698CA0,REF-Tablet,34,10,4g,TH,2026-12-19 20:17,online
REF-5A8A33B1,REF-Tablet,29,58,5g,ID,2026-11-03 21:40,offline
REF-8E34C4F9,REF-Tablet,31,93,4g,VN,2026-03-27 18:31,online
REF-DB2D5B21,REF-Tablet,31,22,wifi,CN,2026-03-10 23:33,online
REF-BE70BEED,REF-Phone,29,80,4g,ID,2026-06-23 05:17,offline
REF-F42870BB,REF-Phone,30,84,4g,ID,2026-07-04 21:16,offline
REF-74DB492C,REF-Phone,33,65,4g,CN,2026-04-20 14:32,offline
REF-B319C60B,Android Device,31,10,wifi,VN,2026-09-16 21:35,offline
REF-D0AC79DC,Android Device,31,55,4g,ID,2026-09-26 09:54,online
REF-527D720F,REF-Phone,29,10,5g,VN,2026-06-20 11:16,online
REF-F2C9ACDF,Android Device,34,17,5g,ID,2026-12-04 09:10,online
REF-C91148E8,REF-Tablet,29,56,4g,VN,2026-07-13 15:51,offline
REF-69875696,Android Device,30,73,5g,ID,2026-11-10 04:13,offline
REF-BE915E34,Android Device,33,13,5g,CN,2026-10-22 07:36,offline
REF-77579D36,Android Device,34,98,4g,TH,2026-03-08 21:54,online
REF-90256883,Android Device,31,9,5g,ID,2026-05-05 20:45,offline
REF-ACC321D7,REF-Phone,29,82,5g,VN,2026-10-07 07:19,online
REF-6C180868,REF-Tablet,34,15,4g,CN,2026-12-17 02:07,offline
REF-47E88F6D,Android Device,33,85,wifi,ID,2026-05-17 01:28,online
REF-1A23934F,REF-Tablet,33,19,4g,TH,2026-05-21 10:21,online
REF-47C5B30A,REF-Tablet,30,41,5g,CN,2026-04-25 05:01,offline
REF-7C857F1B,REF-Phone,29,85,4g,CN,2026-10-04 12:24,offline
REF-49ED92CC,REF-Tablet,29,52,5g,VN,2026-11-09 02:41,offline
REF-A35ABDD9,Android Device,33,63,5g,ID,2026-04-11 19:12,online
REF-7722F8B1,Android Device,31,29,wifi,CN,2026-08-25 06:50,online
REF-D5F8129B,REF-Phone,30,76,5g,VN,2026-12-26 00:58,online
REF-200F0927,REF-Phone,30,58,wifi,VN,2026-09-12 20:10,offline
REF-6AC4FD09,REF-Phone,29,10,5g,TH,2026-12-12 13:57,online
REF-DDF2B4AA,REF-Tablet,33,18,4g,CN,2026-03-12 15:31,online
REF-F966A221,REF-Phone,31,65,wifi,CN,2026-09-19 08:32,offline
REF-4593F8BB,REF-Phone,31,89,wifi,TH,2026-12-09 16:27,offline
REF-39345945,REF-Phone,30,22,wifi,CN,2026-04-24 18:34,offline
REF-1711015C,Android Device,29,64,wifi,TH,2026-10-18 02:54,offline
REF-66A4A954,REF-Tablet,34,64,4g,TH,2026-01-08 06:57,offline
REF-71F2C8F5,Android Device,29,80,wifi,TH,2026-08-15 18:37,offline
REF-D2FE2BD7,Android Device,34,97,5g,CN,2026-08-06 12:41,online
REF-C7820DC1,REF-Tablet,33,93,4g,TH,2026-02-16 19:24,online
REF-C321D958,Android Device,30,5,4g,TH,2026-11-24 23:41,online
REF-4E1C7AB8,Android Device,30,5,wifi,ID,2026-01-13 07:59,online
REF-D67C93A0,REF-Tablet,29,76,5g,ID,2026-05-02 04:29,online
REF-8A95B359,Android Device,29,28,wifi,TH,2026-10-17 10:06,offline
REF-FA95EEBA,Android Device,29,8,5g,CN,2026-09-18 19:39,online
REF-C4B7DF97,Android Device,34,83,4g,ID,2026-07-22 00:35,online
REF-16299237,Android Device,34,63,wifi,CN,2026-12-21 23:13,offline
REF-2C43398D,REF-Tablet,29,74,5g,VN,2026-11-04 02:46,online
REF-E987E542,Android Device,29,52,4g,VN,2026-05-25 09:09,offline
REF-AB3ED083,REF-Tablet,31,29,wifi,CN,2026-02-02 03:43,online
REF-9526E964,REF-Phone,33,57,5g,TH,2026-12-25 02:58,online
REF-E651F741,Android Device,29,90,5g,TH,2026-07-26 01:11,offline
REF-8115CD55,REF-Phone,30,37,4g,VN,2026-01-11 12:06,online
REF-81608E3E,Android Device,33,84,4g,VN,2026-04-01 13:34,online
REF-6738F44B,Android Device,34,50,4g,CN,2026-04-11 02:34,online
REF-2AD7B6E8,Android Device,31,59,5g,VN,2026-06-03 17:07,offline
REF-393EC302,Android Device,34,11,5g,TH,2026-07-17 22:49,online
REF-B5D5D2C8,Android Device,30,41,wifi,VN,2026-07-23 03:11,offline
REF-AD40C482,REF-Tablet,30,93,5g,VN,2026-07-08 10:16,online
REF-277DC4CC,REF-Tablet,30,87,4g,TH,2026-11-03 19:04,offline
REF-5DCC67F8,Android Device,29,98,wifi,CN,2026-02-12 02:09,online
REF-C8F22DFF,REF-Phone,34,93,4g,ID,2026-03-04 08:19,offline
REF-78B07F17,REF-Tablet,30,61,5g,CN,2026-08-11 10:53,online
REF-17DBC69B,REF-Phone,30,18,wifi,VN,2026-11-11 08:39,online
REF-E87CB335,Android Device,29,16,wifi,VN,2026-11-09 05:02,online
REF-8B3C77BF,Android Device,29,54,4g,CN,2026-10-19 07:03,online
REF-5BBF1E19,Android Device,31,21,4g,VN,2026-09-24 05:08,offline
REF-D9B900B2,REF-Tablet,31,52,4g,TH,2026-09-22 03:55,online
REF-F8C3E6AE,Android Device,31,53,wifi,TH,2026-11-07 07:48,offline
REF-EA672FE3,REF-Phone,30,87,4g,VN,2026-01-02 03:42,offline
REF-E61FF27C,REF-Phone,30,41,wifi,ID,2026-08-16 03:07,offline
REF-9E280B6C,REF-Tablet,33,16,4g,CN,2026-08-16 05:58,online
REF-7D0317A2,REF-Phone,29,20,wifi,CN,2026-05-12 14:30,online
REF-FFC44097,REF-Phone,34,12,wifi,TH,2026-08-24 06:36,offline
REF-2C2C12C5,Android Device,33,72,wifi,TH,2026-09-06 16:55,offline
REF-465ED460,Android Device,29,66,4g,ID,2026-08-26 23:08,online
REF-DE862449,REF-Phone,31,17,wifi,VN,2026-11-26 11:04,online
REF-C416DA5B,REF-Phone,33,37,wifi,CN,2026-11-21 16:57,online
REF-B4C092C0,REF-Phone,29,73,5g,TH,2026-08-22 19:08,offline
REF-352113BD,REF-Phone,31,99,wifi,VN,2026-11-21 05:44,online
REF-1401DF01,REF-Tablet,33,97,wifi,ID,2026-04-28 01:18,offline
REF-33F6CE00,Android Device,31,100,4g,TH,2026-02-13 00:43,online
REF-133A72C7,REF-Phone,33,34,wifi,ID,2026-06-17 23:31,online
REF-AF084A36,Android Device,30,65,wifi,VN,2026-08-09 07:48,offline
REF-1821E9C6,REF-Phone,30,48,4g,CN,2026-10-12 05:15,online
REF-37A1B02E,REF-Tablet,31,82,4g,ID,2026-09-18 22:24,online
REF-52D5B04D,Android Device,34,20,4g,ID,2026-03-05 16:08,offline
REF-F2F3604D,Android Device,30,34,4g,TH,2026-02-19 14:50,offline
REF-50D03DEB,REF-Tablet,30,24,5g,VN,2026-12-14 03:03,offline
REF-FA2EC18C,Android Device,29,42,wifi,VN,2026-03-28 04:26,online
REF-9785A254,REF-Phone,31,89,5g,CN,2026-08-08 15:42,offline
REF-F615CFAE,REF-Tablet,34,29,4g,CN,2026-10-09 18:24,online
REF-EC04A8F5,REF-Tablet,31,87,wifi,ID,2026-06-17 08:43,online
REF-C3775D5E,REF-Tablet,29,84,5g,ID,2026-04-22 10:51,online
REF-81E4C3A9,REF-Phone,31,91,5g,TH,2026-08-11 07:27,online
REF-4507E167,REF-Tablet,33,56,wifi,TH,2026-06-24 22:23,offline
REF-B9D06891,REF-Phone,31,21,wifi,TH,2026-05-04 01:32,online
REF-F272A5ED,REF-Phone,34,58,5g,CN,2026-08-19 14:21,offline
REF-6858B9F0,REF-Tablet,33,45,wifi,ID,2026-12-01 21:43,online
REF-74DF11CF,REF-Phone,29,85,4g,TH,2026-11-08 22:37,online
REF-6E84D5E0,REF-Phone,31,25,wifi,ID,2026-11-25 18:02,online
REF-F5A752B5,Android Device,34,73,4g,VN,2026-01-03 00:53,online
REF-25F5B42D,REF-Tablet,30,5,wifi,TH,2026-03-09 22:50,online
REF-14F1FB33,Android Device,29,15,wifi,TH,2026-03-16 10:04,offline
REF-61F5F570,REF-Phone,33,100,4g,VN,2026-06-02 02:16,online
REF-53FB8DA5,Android Device,29,84,wifi,VN,2026-03-26 23:21,offline
REF-907350AD,REF-Phone,30,29,5g,CN,2026-03-27 22:27,offline
REF-5B8E8D26,REF-Tablet,29,34,4g,CN,2026-08-04 02:37,online
REF-40F8CB01,REF-Tablet,33,64,wifi,CN,2026-11-16 18:27,online
REF-135DB00F,Android Device,34,32,wifi,ID,2026-04-25 08:32,offline
REF-9597B645,REF-Tablet,31,97,wifi,CN,2026-04-24 00:14,offline
REF-462283DE,REF-Tablet,33,83,wifi,TH,2026-04-10 21:57,offline
REF-31982F13,Android Device,29,33,4g,VN,2026-12-23 21:44,offline
REF-758236A4,REF-Phone,34,97,4g,CN,2026-10-11 02:18,online
REF-63353132,REF-Tablet,30,24,wifi,TH,2026-08-01 06:20,online
REF-D8F6B125,REF-Tablet,34,51,5g,ID,2026-09-10 02:06,online
REF-AFAD6EA1,REF-Phone,33,66,wifi,VN,2026-11-17 07:28,offline
REF-EA2FCB35,REF-Phone,33,95,4g,ID,2026-12-11 19:03,online
REF-D4E6E592,REF-Phone,29,86,4g,TH,2026-01-28 17:08,online
REF-8743236D,REF-Tablet,34,9,4g,CN,2026-11-25 10:27,online
REF-35137CDA,REF-Phone,29,96,5g,CN,2026-01-10 21:08,online
REF-C33D8267,Android Device,31,25,5g,ID,2026-03-08 05:24,offline
REF-C5393C85,REF-Phone,31,20,wifi,ID,2026-09-04 02:16,offline
REF-89076114,Android Device,30,82,4g,ID,2026-07-23 06:46,online
REF-CFBE5B90,Android Device,33,18,5g,VN,2026-04-01 08:32,offline
REF-E06BD15E,REF-Tablet,30,83,4g,VN,2026-03-24 23:54,offline
REF-BEC00386,Android Device,33,12,wifi,TH,2026-10-12 00:50,offline
REF-AB455447,Android Device,29,46,wifi,VN,2026-05-12 09:23,offline
REF-74F82B13,REF-Phone,31,19,wifi,CN,2026-11-14 20:49,online
REF-E124548A,REF-Tablet,29,98,wifi,TH,2026-05-09 16:41,offline
REF-7173A49F,REF-Phone,31,22,wifi,VN,2026-11-27 01:22,online
REF-E90E6CF2,REF-Phone,30,100,5g,CN,2026-09-15 10:30,offline
REF-D840A654,REF-Tablet,30,98,4g,VN,2026-04-03 03:07,offline
REF-F2F9416B,Android Device,29,34,4g,CN,2026-10-03 15:47,online
REF-42CCFBBC,REF-Phone,33,44,4g,ID,2026-05-21 20:56,offline
REF-618ADCFD,REF-Phone,31,99,4g,CN,2026-10-19 16:04,offline
REF-8235FAED,REF-Phone,29,90,wifi,TH,2026-04-12 17:23,online
REF-B7A06A4D,REF-Tablet,29,64,5g,ID,2026-01-23 04:27,online
REF-3F0E293B,REF-Tablet,31,70,5g,VN,2026-02-08 23:38,online
REF-4810E8B1,REF-Phone,33,25,4g,CN,2026-07-07 10:19,offline
REF-93FA7D7F,REF-Tablet,30,67,5g,CN,2026-11-28 04:38,offline
REF-E4E8829C,REF-Tablet,30,28,wifi,CN,2026-10-12 01:59,online
REF-4517C6B3,REF-Tablet,29,69,5g,TH,2026-09-15 04:35,online
REF-34C847CE,Android Device,33,8,4g,TH,2026-10-23 08:38,offline
REF-4BD90C07,REF-Phone,30,70,5g,ID,2026-01-03 00:51,offline
REF-F73A6BFF,REF-Tablet,30,100,wifi,VN,2026-04-17 05:14,online
REF-F775B5E7,Android Device,34,97,5g,CN,2026-12-15 22:38,online
REF-55C51002,REF-Phone,34,11,4g,CN,2026-08-28 02:55,online
REF-F5CE9323,REF-Tablet,33,23,4g,ID,2026-03-21 06:34,offline
REF-78836C43,REF-Tablet,30,30,wifi,TH,2026-07-12 19:27,offline
REF-5F5EACDF,Android Device,30,62,wifi,TH,2026-04-19 10:07,offline
REF-3F0056A4,REF-Phone,33,61,5g,ID,2026-08-09 15:33,online
REF-88C9C964,REF-Tablet,34,23,5g,TH,2026-04-03 11:44,offline
REF-21D29908,REF-Phone,29,50,5g,ID,2026-06-12 22:44,offline
REF-B53F4EC0,Android Device,33,78,5g,CN,2026-01-28 23:30,offline
REF-924799E5,REF-Tablet,33,60,5g,VN,2026-03-18 20:42,online
REF-BFBE0282,Android Device,31,91,4g,VN,2026-10-19 21:14,offline
REF-DD120AE8,Android Device,34,75,4g,TH,2026-05-04 04:57,online
REF-ADCB75C2,REF-Phone,33,61,4g,VN,2026-06-17 00:22,offline
REF-B3A09AA9,REF-Phone,29,47,4g,ID,2026-10-20 18:50,offline
REF-144A398C,REF-Phone,33,13,4g,CN,2026-05-11 09:52,offline
REF-39047148,REF-Tablet,33,7,wifi,TH,2026-04-02 23:51,online
REF-359A997A,REF-Phone,30,33,wifi,ID,2026-05-04 23:46,online
REF-34D7E165,REF-Tablet,34,16,wifi,ID,2026-04-02 23:31,offline
REF-7C16E7C3,Android Device,30,81,wifi,VN,2026-01-03 01:10,online
REF-19FCB4AC,Android Device,31,95,5g,TH,2026-02-15 05:06,online
REF-428C29E5,REF-Tablet,31,91,wifi,VN,2026-02-28 13:20,offline
REF-78B55153,REF-Phone,33,34,4g,CN,2026-11-23 05:10,online
REF-F48FCA7A,Android Device,31,85,5g,CN,2026-08-17 19:43,online
REF-D87EEABA,REF-Phone,34,78,wifi,ID,2026-08-01 19:40,offline
REF-B9025A7A,REF-Phone,34,23,wifi,TH,2026-08-06 22:24,online
REF-C0D01033,REF-Tablet,29,69,5g,CN,2026-06-14 22:42,online
REF-A1E3B600,REF-Phone,33,47,4g,TH,2026-06-13 06:17,online
REF-DACE0EF8,REF-Tablet,34,5,5g,VN,2026-06-21 17:16,offline
REF-38907C27,REF-Tablet,34,67,4g,CN,2026-08-27 01:09,offline
REF-D2D442E4,Android Device,34,58,4g,ID,2026-12-01 02:37,online
REF-2A57C022,REF-Phone,31,19,5g,ID,2026-08-24 08:05,offline
REF-B613FED0,REF-Phone,29,9,4g,VN,2026-04-03 20:16,offline
REF-D8356948,REF-Phone,30,70,5g,ID,2026-10-23 20:48,offline
REF-84CA93DB,REF-Tablet,31,56,5g,ID,2026-02-02 23:53,online
REF-DFB1DFF2,REF-Tablet,31,11,5g,TH,2026-06-21 12:54,online
REF-527C8EEE,REF-Tablet,29,61,4g,CN,2026-02-03 01:13,offline
REF-A9C9AD79,REF-Phone,29,98,4g,VN,2026-10-06 04:41,online
REF-B523F8BC,Android Device,34,38,4g,TH,2026-03-08 15:54,online
REF-500C2539,REF-Phone,29,33,wifi,VN,2026-02-21 12:34,offline
REF-46557EFC,Android Device,33,65,4g,CN,2026-12-13 07:41,offline
REF-8B1A6021,REF-Tablet,30,38,wifi,CN,2026-09-11 12:56,online
REF-FA3913CE,Android Device,33,65,4g,VN,2026-10-12 03:35,offline
REF-D30A83EF,REF-Tablet,31,25,4g,CN,2026-06-13 03:08,offline
REF-A510F80B,REF-Phone,31,54,5g,TH,2026-06-25 00:20,online
REF-85533CD5,Android Device,31,63,5g,VN,2026-10-25 21:44,offline
REF-8B0FFE96,REF-Tablet,30,74,5g,TH,2026-06-07 19:12,offline
REF-5B06F39C,REF-Tablet,30,95,5g,CN,2026-07-01 06:35,online
REF-44AD3C4A,REF-Tablet,34,89,wifi,TH,2026-11-04 21:18,online
REF-417304C2,REF-Tablet,34,96,5g,CN,2026-05-02 13:05,offline
REF-6020C1A3,REF-Tablet,29,70,4g,VN,2026-12-19 17:52,online
REF-1358776C,REF-Tablet,30,27,wifi,CN,2026-04-04 08:37,offline
REF-BCC122AD,REF-Phone,33,94,wifi,CN,2026-10-27 22:27,online
REF-E46062D0,REF-Tablet,31,70,wifi,ID,2026-06-28 21:01,online
REF-1DF058F0,REF-Phone,34,73,5g,ID,2026-03-12 23:23,online
REF-6BE7659B,REF-Phone,31,74,wifi,TH,2026-03-05 04:07,online
REF-38F81607,REF-Phone,34,77,5g,CN,2026-09-16 13:29,online
REF-CA3A3F6B,Android Device,30,59,wifi,TH,2026-01-08 11:15,online
REF-E5B78D10,REF-Phone,34,54,4g,VN,2026-08-25 01:14,online
REF-83DF495C,REF-Tablet,30,9,5g,TH,2026-04-03 08:05,offline
REF-D12625C0,Android Device,31,88,wifi,ID,2026-05-03 16:49,offline
REF-4E8FEC68,REF-Tablet,30,27,4g,ID,2026-06-04 22:32,offline
REF-FDA9DC05,Android Device,34,10,4g,CN,2026-12-21 23:10,online
REF-58EFC695,REF-Tablet,29,47,wifi,CN,2026-09-24 23:45,online
REF-92B94010,REF-Phone,30,34,5g,TH,2026-07-09 21:29,online
REF-4D7B7053,REF-Phone,29,94,wifi,ID,2026-02-07 13:05,offline
REF-6D448752,REF-Phone,30,39,5g,VN,2026-04-02 12:26,offline
REF-21B0EFA8,Android Device,29,14,wifi,TH,2026-05-21 03:24,offline
REF-50C41CF1,Android Device,29,90,4g,ID,2026-05-03 18:52,offline
REF-307DB572,Android Device,29,66,4g,TH,2026-11-22 00:44,online
REF-A401135D,REF-Tablet,29,96,wifi,CN,2026-06-08 01:14,offline
REF-6914DD72,Android Device,31,57,5g,VN,2026-03-15 14:11,online
REF-31CC4DB9,Android Device,34,97,4g,TH,2026-11-05 21:55,offline
REF-C7830CDA,Android Device,29,53,wifi,TH,2026-01-05 01:55,offline
REF-258EAF42,REF-Phone,34,45,5g,ID,2026-11-26 18:34,online
REF-5FA81A1D,REF-Tablet,30,66,5g,VN,2026-03-12 11:32,online
REF-AE9962FE,REF-Phone,34,21,5g,CN,2026-07-14 21:38,online
REF-1B29E655,REF-Tablet,31,40,wifi,ID,2026-06-17 15:15,offline
REF-9B464DCE,REF-Phone,31,56,5g,CN,2026-05-16 10:46,online
REF-CAB1EFAF,REF-Phone,31,95,4g,ID,2026-06-03 11:46,online
REF-E376EE97,Android Device,33,88,5g,VN,2026-11-12 22:01,offline
REF-9C64C72C,Android Device,31,51,4g,CN,2026-07-20 16:56,offline
REF-DDEDDD77,Android Device,31,48,4g,CN,2026-12-26 23:47,online
REF-8CD774B3,Android Device,31,30,4g,ID,2026-01-23 04:57,offline
REF-E94D9B78,REF-Phone,33,41,4g,TH,2026-06-05 20:11,online
REF-6A2B4A03,REF-Phone,29,91,wifi,VN,2026-01-28 05:57,online
REF-7D5E7B01,REF-Phone,30,24,4g,CN,2026-02-09 14:32,offline
REF-A863E9D0,REF-Phone,29,55,4g,TH,2026-07-26 00:47,offline
REF-2D33ABEC,REF-Phone,31,21,5g,CN,2026-10-23 06:13,online
REF-A4542370,REF-Tablet,34,83,wifi,VN,2026-02-07 22:54,online
REF-4BBC3084,REF-Phone,34,78,4g,CN,2026-01-19 10:33,online
REF-92917FB3,REF-Phone,29,35,wifi,ID,2026-05-14 11:00,online
REF-2DB26492,REF-Phone,33,35,5g,ID,2026-04-11 18:15,offline
REF-B238CBDC,Android Device,34,75,4g,VN,2026-08-25 22:30,offline
REF-137C5AEB,Android Device,33,64,wifi,TH,2026-10-27 15:35,offline
REF-38E8EA25,Android Device,31,100,4g,CN,2026-05-15 06:44,online
REF-2146303B,Android Device,29,28,4g,CN,2026-07-14 16:29,offline
REF-FB4B3D1D,REF-Tablet,31,71,4g,TH,2026-02-17 16:31,online
REF-6F2F21DC,REF-Phone,34,31,wifi,ID,2026-06-28 10:38,offline
REF-58B33D2C,Android Device,34,96,4g,CN,2026-06-22 17:41,offline
REF-3336DF89,REF-Phone,29,48,wifi,ID,2026-01-12 07:25,online
REF-3977B4BA,REF-Tablet,30,90,5g,ID,2026-06-13 08:14,online
REF-DA3B0821,REF-Tablet,33,26,4g,CN,2026-01-13 07:56,offline
REF-BEAC5FC1,REF-Phone,29,68,5g,ID,2026-04-18 05:04,online
REF-C19FC492,Android Device,31,87,5g,TH,2026-12-20 05:42,offline
REF-5A58696A,REF-Tablet,34,22,5g,ID,2026-12-20 03:08,offline
REF-5F054D89,REF-Phone,30,74,5g,TH,2026-11-15 23:53,offline
REF-A1124D13,Android Device,31,68,4g,TH,2026-01-21 03:05,online
REF-A7891EE7,REF-Tablet,34,98,wifi,VN,2026-02-06 16:01,online
REF-AE5C1C18,Android Device,33,16,5g,ID,2026-09-08 05:12,offline
REF-F6082C9F,REF-Tablet,31,82,wifi,TH,2026-06-12 02:58,online
REF-15C07B37,REF-Tablet,29,11,wifi,VN,2026-11-09 09:58,online
REF-EEBCAABF,Android Device,33,82,4g,CN,2026-01-24 09:14,offline
REF-276BB3AA,REF-Tablet,34,66,5g,TH,2026-07-23 17:29,offline
REF-D93BA6C0,REF-Phone,30,33,4g,VN,2026-12-27 16:15,online
REF-C1ED9794,REF-Phone,33,10,wifi,CN,2026-04-15 11:29,offline
REF-90534B81,REF-Phone,29,84,5g,VN,2026-07-07 05:22,offline
REF-CB70ED89,REF-Tablet,33,25,5g,TH,2026-07-06 15:32,online
REF-D977B9BF,Android Device,30,50,5g,CN,2026-05-09 11:40,online
REF-8B7E8737,REF-Phone,33,80,5g,TH,2026-06-14 00:55,offline
REF-51012D50,Android Device,34,75,5g,TH,2026-12-25 05:18,online
REF-D94F337F,REF-Tablet,33,64,4g,ID,2026-04-28 03:09,offline
REF-3C1C05EC,REF-Tablet,30,45,wifi,ID,2026-07-09 04:06,online
REF-C8CF787C,REF-Tablet,30,25,4g,TH,2026-08-21 16:31,online
REF-1447E39E,Android Device,33,9,5g,CN,2026-09-14 06:54,offline
REF-B1633644,REF-Tablet,34,34,5g,TH,2026-11-12 11:06,offline
REF-DE91BFD1,Android Device,30,93,4g,TH,2026-05-18 23:51,online
REF-1F563544,REF-Tablet,29,30,wifi,TH,2026-02-09 08:53,online
REF-534CCD91,REF-Phone,30,37,wifi,VN,2026-08-08 11:15,offline
REF-2D34628A,Android Device,29,19,4g,CN,2026-08-23 15:49,online
REF-49B8E0C3,Android Device,31,9,4g,ID,2026-07-21 17:25,online
REF-5FFE04B3,REF-Phone,29,84,5g,ID,2026-11-14 18:49,offline
REF-56464330,Android Device,33,57,wifi,CN,2026-09-07 14:36,online
REF-9EB2ECF4,REF-Tablet,29,15,5g,VN,2026-07-01 00:16,offline
REF-B1CD8A0C,Android Device,30,65,wifi,VN,2026-07-23 20:46,online
REF-34893EA6,REF-Tablet,33,89,wifi,VN,2026-01-13 14:46,offline
REF-951527CC,REF-Tablet,30,48,wifi,TH,2026-01-22 02:18,online
REF-DA68E2BA,REF-Phone,31,74,5g,TH,2026-02-03 23:41,online
REF-FFAF4495,REF-Phone,29,97,4g,TH,2026-10-13 20:32,offline
REF-F527B7A3,Android Device,29,71,4g,VN,2026-08-15 12:06,offline
REF-FCF0D69A,Android Device,33,30,4g,ID,2026-11-23 12:25,offline
REF-E5869FBE,Android Device,34,10,5g,ID,2026-05-28 06:09,offline
REF-73C734F0,REF-Tablet,31,51,wifi,TH,2026-07-05 08:57,online
REF-2F6FD937,REF-Tablet,29,58,wifi,CN,2026-10-15 21:58,offline
REF-F931F285,REF-Tablet,33,95,wifi,CN,2026-02-13 09:32,online
REF-DF8442EA,REF-Phone,31,21,4g,CN,2026-01-01 04:32,online
REF-B3687134,Android Device,29,75,wifi,CN,2026-03-10 13:28,offline
REF-A6026405,Android Device,31,11,5g,CN,2026-09-22 13:19,online
REF-ECFF7016,Android Device,29,59,wifi,TH,2026-10-27 23:55,offline
REF-BD790546,REF-Phone,31,28,5g,ID,2026-01-10 14:37,offline
REF-5C90098A,REF-Tablet,31,86,5g,CN,2026-02-26 16:31,offline
REF-4A977A98,REF-Phone,29,45,5g,VN,2026-12-10 11:15,offline
REF-F9EC1C47,REF-Tablet,31,81,5g,TH,2026-07-15 08:52,online
REF-3289966C,REF-Tablet,30,76,wifi,CN,2026-05-28 22:11,offline
REF-52553B94,REF-Tablet,34,29,4g,ID,2026-03-23 20:06,offline
REF-B921166E,Android Device,30,65,5g,ID,2026-01-07 12:25,offline
REF-4218D273,REF-Phone,34,99,5g,VN,2026-07-22 18:25,offline
REF-401B9878,REF-Phone,30,70,4g,ID,2026-01-27 02:15,online
REF-C70867BC,REF-Tablet,30,51,4g,ID,2026-08-11 09:38,offline
REF-DC83D0BB,Android Device,34,90,wifi,TH,2026-02-05 18:33,online
REF-8A793013,REF-Phone,29,72,wifi,TH,2026-12-18 07:54,offline
REF-E94DCF4A,REF-Phone,31,15,4g,TH,2026-07-01 13:14,offline
REF-87620802,Android Device,33,85,4g,CN,2026-02-08 12:16,online
REF-1637FD96,REF-Tablet,29,64,5g,ID,2026-10-22 16:05,online
REF-82CACF8B,REF-Phone,30,12,4g,CN,2026-02-25 18:01,offline
REF-9CBECE32,Android Device,33,24,5g,ID,2026-05-12 12:10,online
REF-27097C4D,REF-Tablet,34,89,5g,VN,2026-10-14 06:51,offline
REF-A116CE21,REF-Tablet,31,11,5g,VN,2026-09-04 01:21,offline
REF-C4D55D6B,REF-Tablet,31,89,4g,ID,2026-09-15 14:29,offline
REF-D277ECD3,REF-Tablet,31,19,5g,TH,2026-02-08 23:43,online
REF-45A2822F,Android Device,30,68,5g,VN,2026-04-11 23:28,offline
REF-DB097EEE,Android Device,30,12,wifi,ID,2026-02-03 14:01,online
REF-F23B1816,REF-Phone,33,69,wifi,ID,2026-04-28 04:49,online
REF-A616E6FD,REF-Phone,30,48,4g,ID,2026-07-13 01:41,online
REF-62B0F1CB,Android Device,34,60,wifi,TH,2026-06-01 00:06,online
REF-EA6D77B1,REF-Phone,33,94,4g,VN,2026-02-19 12:37,offline
REF-13354B48,REF-Phone,31,57,5g,CN,2026-08-18 16:24,online
REF-8DF281D2,Android Device,33,89,wifi,ID,2026-12-14 16:38,online
REF-2DA4CD05,REF-Tablet,34,65,4g,CN,2026-10-14 21:38,offline
REF-BB1AFD02,Android Device,33,36,4g,ID,2026-07-04 09:40,online
REF-64F1DB3F,REF-Phone,34,35,5g,ID,2026-10-26 21:01,offline
REF-85C0DFDA,REF-Tablet,34,23,5g,ID,2026-05-21 17:02,offline
REF-BA8ED113,Android Device,30,46,5g,CN,2026-04-01 20:10,offline
REF-4CF382E4,REF-Tablet,33,33,5g,VN,2026-10-19 04:51,online
REF-4F48A74F,REF-Phone,34,54,4g,TH,2026-08-06 17:49,offline
REF-FF7CF333,REF-Phone,29,72,4g,ID,2026-01-04 05:53,online
REF-75ADF6F1,REF-Tablet,29,46,4g,CN,2026-03-13 04:59,offline
REF-9AB28729,REF-Tablet,29,79,wifi,ID,2026-09-25 04:31,online
REF-477E05B1,Android Device,31,34,wifi,CN,2026-05-04 05:49,offline
REF-B23C6598,REF-Tablet,31,21,wifi,VN,2026-12-22 12:43,online
REF-E94D4254,REF-Tablet,34,62,4g,VN,2026-10-18 05:08,offline
REF-F3A3096E,Android Device,30,93,5g,CN,2026-11-28 03:12,offline
REF-D42E01E2,Android Device,31,46,wifi,VN,2026-11-15 17:10,offline
REF-2B447B55,Android Device,31,56,wifi,TH,2026-04-03 00:05,offline
REF-255DB045,Android Device,30,63,5g,CN,2026-07-21 14:07,online
REF-759A191D,REF-Phone,30,35,5g,ID,2026-12-12 14:34,offline
REF-C30B76ED,Android Device,33,13,4g,ID,2026-05-10 23:07,online
REF-7FCE87E4,REF-Phone,33,41,wifi,ID,2026-05-13 19:58,online
REF-2E61D8FB,REF-Phone,29,77,4g,ID,2026-05-16 08:25,online
REF-4B4DA351,REF-Tablet,30,70,4g,TH,2026-01-16 12:53,offline
REF-7048509C,REF-Tablet,29,76,5g,CN,2026-07-22 04:19,offline
REF-93D491B6,Android Device,31,46,4g,ID,2026-05-28 18:30,online
REF-3C5BE8B2,REF-Phone,34,7,4g,CN,2026-05-28 17:52,offline
REF-6FCCEFE7,Android Device,33,7,4g,ID,2026-12-07 22:51,online
REF-26C8DA3A,REF-Tablet,30,44,4g,TH,2026-07-12 18:42,offline
REF-B21A8CBA,REF-Phone,31,54,wifi,TH,2026-02-10 16:07,offline
REF-D2955C12,REF-Phone,31,78,4g,TH,2026-04-21 18:32,offline
REF-645A41A5,REF-Phone,33,45,4g,ID,2026-01-16 18:32,online
REF-B95B65DE,Android Device,30,12,4g,VN,2026-02-07 07:31,offline
REF-810ECE83,REF-Tablet,33,73,wifi,CN,2026-12-03 05:42,online
REF-C0691278,Android Device,33,24,5g,VN,2026-06-03 04:35,offline
REF-B78271F6,REF-Phone,30,20,wifi,CN,2026-08-11 01:55,offline
REF-B0223B43,REF-Tablet,31,52,4g,TH,2026-05-06 14:11,online
REF-E0CEFD4F,REF-Phone,31,22,5g,ID,2026-09-03 06:19,offline
REF-BC13DB90,REF-Phone,34,35,5g,CN,2026-09-11 12:14,offline
REF-134CDA3C,Android Device,33,93,4g,VN,2026-05-16 07:36,online
REF-5C74AFD2,Android Device,31,76,4g,VN,2026-12-13 02:55,online
REF-A347F5CB,Android Device,34,74,5g,ID,2026-11-25 20:20,offline
REF-454EB3CD,REF-Phone,34,81,wifi,ID,2026-01-16 06:20,offline
REF-D707D057,Android Device,31,42,5g,TH,2026-11-25 14:51,online
REF-58F9E96D,REF-Tablet,33,81,wifi,TH,2026-05-13 10:01,online
REF-5BFA6B68,REF-Phone,30,78,wifi,TH,2026-07-24 09:07,offline
REF-D04FEA78,REF-Tablet,30,17,4g,VN,2026-09-14 08:41,offline
REF-F46690F5,REF-Phone,34,48,4g,CN,2026-04-11 07:20,online
REF-DC2A0BA3,REF-Phone,31,48,wifi,VN,2026-05-01 16:57,offline
REF-3328E134,Android Device,31,19,5g,VN,2026-06-04 16:11,offline
REF-50052AA1,Android Device,34,62,4g,VN,2026-06-17 16:49,online
REF-67F1128C,REF-Phone,34,38,5g,TH,2026-08-16 10:58,online
REF-4E8698FF,REF-Phone,34,93,wifi,TH,2026-04-08 01:12,online
REF-317853C9,REF-Tablet,33,49,4g,VN,2026-11-02 06:42,online
REF-7CDB84D8,REF-Tablet,33,29,wifi,VN,2026-01-03 08:22,online
REF-8C43739D,Android Device,34,72,wifi,CN,2026-09-20 04:55,offline
REF-3066D4C3,REF-Phone,30,79,4g,ID,2026-02-16 10:50,offline
REF-450AC24E,REF-Phone,29,67,4g,TH,2026-04-18 16:07,offline
REF-D632E0B3,REF-Tablet,30,81,wifi,VN,2026-03-04 06:50,offline
REF-6C9968F4,REF-Tablet,29,57,wifi,CN,2026-05-21 12:51,offline
REF-88B957CF,REF-Phone,31,43,5g,CN,2026-04-16 05:05,online
REF-EBF5CF5A,REF-Phone,34,59,wifi,CN,2026-11-03 16:45,online
REF-AB1E12FB,Android Device,29,72,4g,ID,2026-10-22 08:17,online
REF-791611D9,REF-Tablet,31,72,wifi,VN,2026-03-15 06:47,online
REF-4E3CE9DB,Android Device,29,86,5g,VN,2026-03-16 13:23,online
REF-7F4B7DE3,REF-Phone,29,69,wifi,ID,2026-10-27 23:55,online
REF-77BB4D86,REF-Tablet,30,68,4g,TH,2026-03-25 16:25,online
REF-90EA089A,REF-Phone,31,39,wifi,TH,2026-02-15 20:23,online
REF-F3D98936,REF-Tablet,34,70,wifi,TH,2026-03-01 02:21,online
REF-602C13DD,Android Device,29,11,4g,TH,2026-01-03 15:30,online
REF-D2309BAE,REF-Phone,31,98,5g,TH,2026-03-18 21:38,offline
REF-D68B167B,REF-Phone,30,10,4g,TH,2026-06-04 23:13,offline
REF-2B4BF663,Android Device,31,87,5g,TH,2026-11-21 01:41,offline
REF-A6BA84AF,Android Device,33,78,4g,CN,2026-03-11 13:40,offline
REF-21230006,REF-Phone,30,76,5g,VN,2026-09-13 04:27,offline
REF-6F162B96,REF-Phone,34,16,4g,CN,2026-06-24 03:25,offline
REF-82EB29E2,Android Device,34,20,4g,CN,2026-04-19 00:09,online
REF-C5B2BDB7,REF-Phone,33,91,4g,CN,2026-04-27 21:15,offline
REF-513C06AF,REF-Tablet,33,61,4g,CN,2026-04-06 11:07,offline
REF-A7FF9409,REF-Tablet,33,23,wifi,ID,2026-12-07 02:46,offline
REF-BA68474D,REF-Tablet,33,83,wifi,CN,2026-12-19 00:26,offline
REF-4FE46E3C,REF-Tablet,29,80,wifi,ID,2026-06-07 18:57,offline
REF-271D32F4,REF-Phone,34,28,5g,VN,2026-12-03 10:55,online
REF-2C5C7C5D,REF-Phone,33,84,wifi,VN,2026-01-15 03:20,online
REF-3BCF4A74,REF-Phone,34,84,wifi,VN,2026-05-19 21:17,offline
REF-D844E04A,REF-Tablet,30,42,4g,ID,2026-04-20 05:37,online
REF-81AEDCE4,Android Device,30,97,4g,TH,2026-07-27 09:25,offline
REF-757C961A,Android Device,31,11,4g,VN,2026-03-17 10:43,online
REF-719E8CCF,REF-Phone,30,21,4g,ID,2026-09-17 19:13,online
REF-3D553F9F,REF-Tablet,31,92,5g,VN,2026-01-22 22:47,offline
REF-3FBB6453,Android Device,31,16,wifi,CN,2026-05-18 15:20,online
REF-5A8AC3FA,REF-Phone,31,91,5g,CN,2026-12-24 18:41,online
REF-A2997611,Android Device,29,26,5g,VN,2026-09-03 20:37,offline
REF-4154CF5F,Android Device,33,74,4g,ID,2026-01-28 09:16,online
REF-75CB148B,REF-Tablet,31,75,4g,CN,2026-12-07 19:41,offline
REF-5837A71E,REF-Phone,31,83,wifi,TH,2026-01-03 19:24,offline
REF-A30B8B9B,Android Device,33,48,4g,TH,2026-11-06 20:42,offline
REF-3DFBE49B,REF-Tablet,29,75,wifi,CN,2026-04-12 16:32,offline
REF-32C573EA,REF-Tablet,33,79,4g,TH,2026-01-12 02:01,offline
REF-E630C622,Android Device,29,82,wifi,TH,2026-03-10 09:52,online
REF-91A9A21A,REF-Tablet,30,57,5g,TH,2026-09-22 09:20,online
REF-324056F6,REF-Phone,30,62,4g,TH,2026-03-10 12:08,offline
REF-9D572754,Android Device,33,52,wifi,VN,2026-10-15 23:58,online
REF-D3E8ECE4,REF-Tablet,34,85,5g,CN,2026-10-09 19:06,online
REF-F0084290,REF-Phone,31,57,wifi,CN,2026-02-06 22:59,offline
REF-DBCE4E6C,REF-Phone,31,12,wifi,VN,2026-12-04 11:22,offline
REF-B6C4E5BC,Android Device,33,63,5g,CN,2026-06-10 10:45,online
REF-CEDEEBA6,REF-Phone,29,50,5g,ID,2026-11-28 11:48,offline
REF-830C7358,REF-Phone,30,14,4g,CN,2026-12-07 21:27,online
REF-1A4D4712,REF-Tablet,31,75,5g,TH,2026-07-18 17:05,online
REF-FB7A54C0,Android Device,29,92,wifi,ID,2026-11-20 22:00,online
REF-1D3C7545,Android Device,29,97,wifi,TH,2026-07-18 04:10,offline
REF-8A9AF307,REF-Phone,29,34,5g,VN,2026-05-18 23:50,offline
REF-FC9916CE,Android Device,31,60,wifi,ID,2026-03-19 19:51,offline
REF-B6AFE9CE,Android Device,33,75,5g,TH,2026-01-11 15:45,offline
REF-6F768DA2,REF-Tablet,29,88,4g,CN,2026-02-16 02:05,offline
REF-6267865F,Android Device,31,88,4g,CN,2026-08-18 17:59,offline
REF-A47E4F63,REF-Phone,34,82,5g,VN,2026-08-28 23:13,offline
REF-234527E2,REF-Phone,29,70,4g,TH,2026-09-14 21:53,online
REF-4D135512,Android Device,30,33,4g,CN,2026-07-09 09:03,online
REF-97347E66,REF-Phone,31,91,5g,ID,2026-10-24 09:48,online
REF-889A713A,REF-Phone,33,41,4g,CN,2026-02-15 19:20,online
REF-B2E5B00C,REF-Tablet,29,97,4g,TH,2026-04-09 11:47,online
REF-6428D966,Android Device,34,50,4g,ID,2026-10-25 03:54,offline
REF-648C137A,REF-Tablet,31,44,wifi,TH,2026-01-19 02:29,offline
REF-48400D42,REF-Tablet,29,5,4g,TH,2026-07-18 08:21,offline
REF-98F25138,Android Device,29,73,4g,VN,2026-02-19 17:59,offline
REF-F085BB8B,REF-Tablet,31,7,4g,ID,2026-01-10 08:01,offline
REF-1CA18AFA,REF-Tablet,29,35,5g,ID,2026-02-20 10:04,offline
REF-692F8E2A,Android Device,30,14,5g,ID,2026-08-26 07:11,offline
REF-FF7DD45B,REF-Tablet,31,98,4g,VN,2026-07-20 17:36,online
REF-25BCFB16,Android Device,34,73,5g,CN,2026-03-26 14:21,online
REF-78856B80,REF-Phone,34,42,4g,TH,2026-01-22 02:52,online
REF-30C52E64,REF-Phone,33,80,5g,TH,2026-12-01 00:38,offline
REF-61EA795D,Android Device,29,60,4g,TH,2026-04-19 03:28,online
REF-FE988E34,Android Device,30,18,wifi,TH,2026-02-15 18:07,offline
REF-7F539849,REF-Phone,33,25,4g,ID,2026-12-06 10:24,offline
REF-3F32A051,REF-Tablet,29,91,5g,CN,2026-08-18 15:06,online
REF-CF0989BB,Android Device,31,21,wifi,ID,2026-08-16 12:43,online
REF-AC006DF3,REF-Phone,33,28,4g,VN,2026-09-04 19:57,online
REF-641C45A3,REF-Phone,30,81,5g,TH,2026-04-15 22:52,offline
REF-90E97238,REF-Phone,33,73,5g,TH,2026-04-08 11:53,offline
REF-20B4587D,Android Device,31,20,4g,TH,2026-12-15 20:59,offline
REF-1062F940,REF-Phone,29,79,wifi,ID,2026-04-01 16:40,online
REF-43C8900C,REF-Phone,33,46,wifi,VN,2026-11-20 06:34,offline
REF-43AD1ECE,Android Device,30,46,5g,CN,2026-01-22 09:00,online
REF-16482265,REF-Phone,34,58,5g,ID,2026-06-27 00:58,offline
REF-343C24A2,REF-Tablet,29,25,5g,ID,2026-06-19 08:49,offline
REF-1510CE85,REF-Phone,31,49,wifi,CN,2026-02-15 00:33,offline
REF-EB593FEC,Android Device,33,16,wifi,VN,2026-01-13 02:56,online
REF-754E7A5E,Android Device,29,92,4g,CN,2026-12-17 13:44,online
REF-978A87A7,REF-Tablet,29,15,wifi,TH,2026-04-06 10:21,offline
REF-EC3491D3,Android Device,31,60,5g,TH,2026-09-27 15:12,offline
REF-95270DC8,Android Device,30,48,4g,TH,2026-12-15 22:59,online
REF-5F2C4AF1,Android Device,31,99,4g,TH,2026-07-19 12:04,online
REF-28DBF1AF,Android Device,31,74,wifi,ID,2026-01-28 22:05,online
REF-44B72A5E,Android Device,30,84,5g,TH,2026-10-19 13:25,online
REF-54DB8169,REF-Phone,30,87,4g,ID,2026-03-15 08:32,offline
REF-1F21434B,REF-Phone,30,74,wifi,ID,2026-05-19 21:40,offline
REF-B649AB44,Android Device,34,98,wifi,CN,2026-02-08 23:42,online
REF-E865B590,Android Device,30,68,wifi,CN,2026-09-09 11:24,online
REF-8BD23554,Android Device,31,92,wifi,VN,2026-03-14 08:23,offline
REF-62F675C5,Android Device,29,69,4g,ID,2026-11-01 20:14,online
REF-F68C42F9,REF-Phone,33,89,wifi,ID,2026-03-04 16:29,online
REF-11553953,REF-Phone,30,84,5g,TH,2026-11-20 19:51,offline
REF-97CCCE31,Android Device,29,30,5g,VN,2026-02-25 03:10,offline
REF-68A428E4,Android Device,30,77,4g,VN,2026-04-09 12:36,online
REF-BC6116E9,REF-Phone,30,37,4g,ID,2026-02-14 16:11,online
REF-32D1279C,REF-Phone,30,86,5g,TH,2026-09-25 22:48,online
REF-8E5D3CA1,REF-Tablet,30,31,wifi,TH,2026-03-13 02:30,offline
REF-C1BFCEFF,REF-Phone,29,33,wifi,CN,2026-01-22 03:36,online
REF-2AE30D87,REF-Phone,30,80,4g,VN,2026-06-24 12:36,offline
REF-9F74BBF4,REF-Tablet,30,92,5g,CN,2026-05-25 06:13,online
REF-A1891851,REF-Phone,33,34,4g,ID,2026-04-24 22:04,offline
REF-D9463E50,REF-Phone,33,95,4g,VN,2026-07-26 23:16,offline
REF-C2322807,Android Device,33,68,4g,CN,2026-11-16 05:34,offline
REF-5C78BF8A,Android Device,33,66,wifi,CN,2026-03-15 14:22,offline
REF-9005A072,REF-Phone,34,48,4g,TH,2026-08-01 20:35,online
REF-6DDE9C1D,REF-Phone,30,50,4g,VN,2026-12-14 15:38,online
REF-362E40D1,Android Device,30,52,wifi,ID,2026-06-13 04:36,offline
REF-A5839971,REF-Tablet,34,10,5g,TH,2026-06-23 01:46,online
REF-98CB7E3C,REF-Tablet,34,13,5g,VN,2026-06-14 20:31,offline
REF-703B6BB8,REF-Tablet,31,30,4g,TH,2026-04-16 08:11,offline
REF-CE22AB21,REF-Tablet,29,31,4g,CN,2026-07-17 22:45,offline
REF-DB0B0B9C,Android Device,29,17,4g,ID,2026-04-16 02:57,offline
REF-6E54980C,REF-Phone,30,68,wifi,CN,2026-03-23 06:36,offline
REF-ECF7288A,REF-Tablet,30,33,4g,VN,2026-08-01 03:25,offline
REF-C8FD6FE6,REF-Tablet,30,70,5g,VN,2026-02-10 19:54,online
REF-500B580F,REF-Tablet,30,35,5g,TH,2026-10-17 18:29,online
REF-8852AC49,Android Device,30,31,5g,VN,2026-05-10 01:59,offline
REF-86BDE7D0,Android Device,30,54,4g,ID,2026-03-09 23:55,online
REF-337A2DE4,Android Device,34,32,4g,TH,2026-02-11 14:20,offline
REF-D923A6C0,Android Device,30,24,4g,ID,2026-01-25 19:30,online
REF-20B1CDA1,Android Device,33,25,wifi,CN,2026-04-08 01:20,online
REF-B7125BF6,Android Device,33,71,4g,CN,2026-12-23 01:52,online
REF-9A15065D,REF-Tablet,29,65,5g,ID,2026-06-03 10:44,online
REF-2ECF455A,REF-Phone,29,48,wifi,TH,2026-05-20 20:35,online
REF-652218F1,REF-Phone,29,85,4g,TH,2026-10-16 03:13,online
REF-C13D9984,Android Device,29,83,wifi,CN,2026-01-03 05:16,offline
REF-459C89DC,Android Device,29,48,wifi,CN,2026-03-20 06:39,offline
REF-D5611B9B,REF-Tablet,34,9,wifi,CN,2026-04-06 20:03,online
REF-CD8FAECB,Android Device,31,37,5g,ID,2026-09-13 11:30,online
REF-A4BC4E1B,Android Device,29,77,4g,CN,2026-06-22 13:29,offline
REF-AA3CBB11,REF-Tablet,33,28,wifi,VN,2026-10-16 00:45,online
REF-152D7D7D,REF-Tablet,31,45,5g,ID,2026-08-21 02:18,online
REF-51885134,Android Device,34,8,5g,TH,2026-07-25 15:15,offline
REF-645864D2,REF-Phone,30,43,5g,VN,2026-04-10 02:37,online
REF-16AD5B25,REF-Tablet,31,48,5g,ID,2026-05-22 09:10,offline
REF-6D7035C6,Android Device,29,92,4g,CN,2026-02-07 16:16,online
REF-5D7523B1,REF-Tablet,34,67,4g,ID,2026-08-01 16:22,offline
REF-181B1C94,REF-Phone,29,67,4g,CN,2026-06-12 06:05,online
REF-925C4982,REF-Tablet,33,50,wifi,TH,2026-02-13 00:23,offline
REF-A8C5D473,Android Device,34,69,wifi,CN,2026-07-15 16:53,online
REF-AA161F4A,Android Device,29,49,wifi,CN,2026-09-25 05:12,online
REF-54C69C26,REF-Phone,33,48,5g,TH,2026-03-28 18:45,offline
REF-11E9679E,Android Device,29,76,5g,ID,2026-02-20 18:20,online
REF-D0CC7271,REF-Phone,30,64,5g,CN,2026-11-28 20:13,online
REF-D4A161DA,Android Device,29,79,5g,ID,2026-06-16 02:20,online
REF-D9B26FF0,REF-Tablet,30,68,5g,VN,2026-05-22 09:45,online
REF-85C90DFB,REF-Tablet,31,58,4g,TH,2026-03-06 09:30,offline
REF-B8727CA7,REF-Phone,29,39,4g,CN,2026-05-25 20:19,online
REF-25F799BD,Android Device,33,24,4g,CN,2026-12-20 13:30,online
REF-959561FA,REF-Tablet,30,14,5g,ID,2026-03-22 09:18,online
REF-A175DBCA,REF-Tablet,33,68,wifi,ID,2026-09-21 00:43,offline
REF-71F5627D,Android Device,31,70,wifi,VN,2026-03-16 07:18,offline
REF-DE02681F,Android Device,30,82,5g,VN,2026-05-27 17:53,online
REF-5129858C,Android Device,33,52,4g,CN,2026-10-22 08:31,offline
REF-9B98A482,REF-Tablet,33,13,wifi,VN,2026-02-22 04:34,online
REF-8F523B46,REF-Tablet,31,33,5g,CN,2026-06-01 19:57,offline
REF-56CDE137,REF-Tablet,34,30,wifi,CN,2026-06-10 02:34,online
REF-86B1DFE7,Android Device,31,40,wifi,TH,2026-02-22 22:41,online
REF-73917175,REF-Phone,31,82,4g,VN,2026-09-11 06:00,online
REF-8E000AC9,Android Device,30,97,4g,ID,2026-01-07 18:40,online
REF-1FC0B2D9,REF-Phone,34,70,5g,TH,2026-03-25 11:52,online
REF-6A8F9187,REF-Tablet,30,75,4g,TH,2026-06-03 10:30,online
REF-5A69ED7F,REF-Phone,34,12,wifi,CN,2026-08-11 23:04,online
REF-6BD2B16A,REF-Phone,31,13,5g,TH,2026-11-15 17:29,offline
REF-B7634A10,REF-Tablet,33,23,wifi,TH,2026-09-17 02:51,offline
REF-7E9D7C3F,Android Device,29,57,wifi,CN,2026-11-18 04:54,offline
REF-90A1FA97,REF-Phone,29,64,4g,ID,2026-06-13 16:54,offline
REF-1FAC325D,REF-Tablet,30,95,wifi,VN,2026-04-24 11:02,offline
REF-BD36383F,REF-Phone,30,43,4g,TH,2026-06-18 17:07,offline
REF-F54BB7E3,REF-Tablet,33,57,5g,VN,2026-05-08 14:37,offline
REF-C7F04373,REF-Tablet,33,58,wifi,VN,2026-02-16 04:22,online
REF-ACE81EDA,Android Device,31,34,wifi,TH,2026-03-15 04:44,offline
REF-25765A7C,Android Device,33,59,5g,ID,2026-12-03 11:30,offline
REF-2DF1FF93,REF-Tablet,29,16,4g,CN,2026-06-10 11:32,offline
REF-15558CF8,Android Device,30,13,5g,TH,2026-06-28 14:10,offline
REF-16484862,Android Device,30,52,4g,VN,2026-10-11 13:08,offline
REF-A4C28881,Android Device,34,68,4g,TH,2026-02-09 13:36,offline
REF-E3CD66C2,REF-Tablet,31,10,wifi,TH,2026-11-05 17:49,offline
REF-1E85400D,Android Device,30,67,5g,TH,2026-07-06 16:19,online
REF-DD7018B5,Android Device,30,32,5g,TH,2026-01-17 02:45,offline
REF-6BCCDA35,Android Device,34,65,4g,ID,2026-12-18 01:26,online
REF-72E5C9C7,REF-Tablet,34,49,wifi,VN,2026-03-25 21:53,offline
REF-FE1B7FE3,REF-Tablet,29,75,5g,TH,2026-09-02 04:47,online
REF-A0A3AAA6,REF-Tablet,29,54,wifi,TH,2026-04-21 19:07,offline
REF-95AA03C2,Android Device,29,57,4g,CN,2026-04-27 15:05,online
REF-2F3D2841,REF-Phone,29,80,5g,ID,2026-04-02 22:29,online
REF-73EC90DD,REF-Tablet,33,84,wifi,ID,2026-10-10 14:43,online
REF-75B27B1B,REF-Phone,34,80,5g,TH,2026-05-16 01:07,online
REF-6694643A,REF-Tablet,29,91,4g,ID,2026-07-10 13:41,online
REF-18245326,Android Device,30,64,5g,CN,2026-09-27 04:05,online
REF-F1D32AE6,REF-Tablet,30,16,wifi,VN,2026-11-14 19:01,offline
REF-CBD26255,REF-Tablet,29,74,4g,ID,2026-03-14 05:44,online
REF-D7908655,REF-Tablet,33,85,wifi,ID,2026-06-12 03:39,online
REF-96ECBC1B,REF-Tablet,34,28,4g,ID,2026-04-16 04:54,offline
REF-3FCC218C,Android Device,31,83,5g,TH,2026-08-14 09:53,offline
REF-745425B3,Android Device,33,56,wifi,ID,2026-07-23 15:23,offline
REF-D56ECCEC,Android Device,30,49,4g,VN,2026-03-07 02:05,online
REF-6B27C9F9,Android Device,29,71,wifi,CN,2026-11-09 16:20,online
REF-BA03647F,REF-Phone,30,61,5g,TH,2026-10-04 03:42,online
REF-B5DA9286,REF-Tablet,29,75,4g,VN,2026-09-24 19:11,online
REF-79710380,Android Device,29,95,5g,TH,2026-02-17 13:02,offline
REF-87A75F35,REF-Tablet,34,100,wifi,VN,2026-02-20 12:16,offline
REF-233E6A26,REF-Tablet,30,26,4g,TH,2026-01-11 23:54,offline
REF-F9ADFC9C,REF-Tablet,29,21,wifi,CN,2026-01-23 01:10,online
REF-D08D2796,REF-Phone,29,94,wifi,TH,2026-06-11 02:32,offline
REF-313F2957,REF-Phone,33,99,wifi,ID,2026-09-27 02:10,offline
REF-FAD7BCFB,Android Device,30,77,5g,TH,2026-03-07 10:07,online
REF-C88E296A,Android Device,31,83,wifi,VN,2026-02-25 11:36,offline
REF-2662B31F,REF-Phone,31,69,4g,TH,2026-12-13 18:46,offline
REF-33E010D2,Android Device,31,7,wifi,VN,2026-12-03 10:00,offline
REF-93B185A4,REF-Phone,34,100,wifi,TH,2026-05-19 22:16,offline
REF-44C7EB90,Android Device,30,64,5g,VN,2026-12-01 23:17,offline
REF-9DD3591B,Android Device,29,95,5g,ID,2026-08-22 09:32,offline
REF-229B367A,Android Device,33,21,4g,VN,2026-12-04 12:56,online
REF-22028925,REF-Phone,30,9,5g,TH,2026-08-13 10:36,online
REF-CC23F618,REF-Tablet,33,84,4g,TH,2026-05-16 05:54,offline
REF-C28867A6,REF-Phone,29,70,5g,TH,2026-11-17 00:58,offline
REF-5BC9BD28,REF-Phone,30,49,4g,CN,2026-02-10 08:29,online
REF-1862A69E,REF-Phone,34,57,wifi,VN,2026-09-14 11:33,offline
REF-BA3D9B35,REF-Tablet,31,92,wifi,CN,2026-02-01 23:16,offline
REF-2B1024F7,Android Device,30,76,5g,TH,2026-12-23 10:53,online
REF-C9EEAD51,Android Device,29,79,wifi,VN,2026-04-05 10:51,offline
REF-A026B7CD,Android Device,30,16,wifi,ID,2026-02-01 17:02,online
REF-83286661,REF-Tablet,30,39,5g,TH,2026-06-24 23:50,offline
REF-D084E276,REF-Tablet,34,11,5g,ID,2026-09-20 08:18,offline
REF-B828EAE1,REF-Phone,31,88,5g,CN,2026-03-22 23:37,online
REF-59D004FC,REF-Tablet,31,97,4g,CN,2026-02-16 08:36,offline
REF-637F26B7,REF-Phone,30,73,5g,ID,2026-05-10 08:57,online
REF-B2F1A4C2,Android Device,34,8,wifi,TH,2026-12-12 00:57,offline
REF-59B52878,REF-Phone,33,13,wifi,TH,2026-09-01 19:16,offline
REF-A07A0432,REF-Tablet,30,20,5g,VN,2026-02-05 03:44,online
REF-EF12F0FA,REF-Tablet,29,81,4g,TH,2026-11-20 09:07,offline
REF-24D7F4A2,REF-Phone,29,20,4g,TH,2026-03-26 22:02,online
REF-7C90DA2C,REF-Tablet,30,90,4g,ID,2026-04-13 15:13,offline
REF-EF0CDFF4,REF-Tablet,34,27,wifi,VN,2026-10-25 16:13,offline
REF-CE088361,REF-Tablet,34,38,4g,TH,2026-09-26 06:29,online
REF-7432C977,REF-Tablet,30,31,5g,CN,2026-08-17 22:29,online
REF-94034A1F,Android Device,29,92,4g,CN,2026-12-09 13:20,offline
REF-6AA9B843,Android Device,33,42,4g,TH,2026-12-10 11:34,offline
REF-38DCA2D3,REF-Tablet,31,53,5g,CN,2026-06-23 04:30,offline
REF-8047C0A6,REF-Phone,31,64,5g,ID,2026-07-17 11:11,offline
REF-33D71E53,Android Device,29,30,4g,VN,2026-03-22 15:31,online
REF-C686D399,REF-Tablet,33,33,wifi,VN,2026-11-01 10:17,online
REF-E4E67C37,Android Device,31,38,wifi,ID,2026-03-01 20:01,online
REF-1D3425AB,Android Device,31,59,5g,TH,2026-10-19 20:04,online
REF-CF47AAA3,REF-Tablet,30,28,wifi,TH,2026-02-02 17:46,online
REF-4654A9EC,Android Device,30,9,wifi,VN,2026-03-03 05:42,online
REF-2629C291,REF-Phone,34,43,wifi,CN,2026-09-10 10:47,online
REF-19AD2C6D,Android Device,34,97,wifi,TH,2026-07-09 22:13,online
REF-37A503C8,Android Device,29,80,4g,VN,2026-03-25 17:45,online
REF-4281396D,REF-Phone,29,65,5g,VN,2026-12-15 00:10,offline
REF-F12EAF99,REF-Tablet,30,88,4g,ID,2026-08-02 06:35,offline
REF-79F41288,Android Device,31,55,wifi,TH,2026-05-26 23:13,offline
REF-4976394C,REF-Tablet,30,15,5g,TH,2026-12-04 12:28,online
REF-FAC3F586,REF-Tablet,34,68,5g,CN,2026-06-28 03:01,online
REF-7799190D,REF-Phone,30,75,5g,TH,2026-03-19 18:38,online
REF-408F1C89,Android Device,31,95,5g,VN,2026-08-25 09:40,offline
REF-F8DDA0B8,Android Device,31,12,wifi,VN,2026-09-03 09:26,online
REF-EE0A7175,Android Device,34,80,wifi,VN,2026-09-07 04:11,online
REF-EF913663,REF-Phone,30,95,4g,TH,2026-07-14 23:42,online
REF-243C7102,REF-Phone,29,7,wifi,TH,2026-03-04 09:36,offline
REF-9679F85C,Android Device,29,71,wifi,TH,2026-11-07 12:02,online
REF-A443EC8A,REF-Phone,31,11,5g,TH,2026-02-03 18:35,online
REF-D71383BA,REF-Phone,29,35,5g,VN,2026-05-23 00:38,offline
REF-51AE8329,REF-Tablet,33,43,5g,ID,2026-01-19 12:05,offline
REF-3190040F,Android Device,33,69,5g,VN,2026-07-24 00:24,online
REF-C635AE75,REF-Tablet,30,36,5g,TH,2026-01-19 06:11,offline
REF-6A236F2C,REF-Tablet,29,7,wifi,CN,2026-06-20 02:38,offline
REF-E7856F74,Android Device,29,29,5g,VN,2026-06-05 00:05,online
REF-95EA739F,REF-Phone,34,72,5g,ID,2026-03-19 11:13,offline
REF-3FBDB345,REF-Phone,33,58,4g,CN,2026-04-03 18:17,online
REF-FD2ED9B8,REF-Phone,31,75,4g,ID,2026-08-08 00:36,offline
REF-4497C785,Android Device,33,86,4g,VN,2026-07-24 17:09,offline
REF-7B60EA19,REF-Tablet,30,72,5g,VN,2026-04-26 15:21,offline
REF-AFA03AA6,REF-Phone,29,75,wifi,TH,2026-10-15 21:03,online
REF-3E3E7209,REF-Phone,30,60,4g,CN,2026-10-09 07:37,online
REF-4C02C30B,REF-Tablet,31,6,5g,CN,2026-08-25 13:21,online
REF-C2E06751,REF-Phone,33,71,4g,VN,2026-04-11 22:54,online
REF-DF825F00,Android Device,31,67,4g,ID,2026-02-14 07:52,online
REF-BE058C7C,REF-Phone,29,63,5g,ID,2026-09-16 02:06,offline
REF-94E3E9D4,REF-Tablet,30,83,wifi,ID,2026-04-09 15:23,online
REF-337F3D87,REF-Phone,31,48,5g,VN,2026-01-08 02:19,offline
REF-2A29CAA8,Android Device,34,36,wifi,ID,2026-07-07 05:07,offline
REF-4E3B6CED,REF-Phone,34,79,wifi,CN,2026-05-05 02:46,offline
REF-164E054C,Android Device,33,31,5g,VN,2026-04-10 20:29,online
REF-97948D1A,Android Device,31,90,wifi,CN,2026-08-04 04:39,online
REF-7E765A60,Android Device,29,90,4g,TH,2026-10-20 15:51,offline
REF-6877594A,Android Device,31,48,wifi,CN,2026-11-23 16:38,online
REF-CEEF266A,Android Device,34,50,wifi,TH,2026-02-19 23:18,offline
REF-88213766,Android Device,29,76,wifi,VN,2026-08-09 10:56,offline
REF-AE47B96B,REF-Tablet,34,60,4g,ID,2026-12-14 07:22,offline
REF-D7516EAA,Android Device,33,43,5g,TH,2026-04-01 05:43,offline
REF-D6BC467C,Android Device,31,63,wifi,VN,2026-11-25 23:54,online
REF-8D567D12,Android Device,33,40,5g,ID,2026-11-17 04:33,offline
REF-2A06FBA0,Android Device,34,96,5g,CN,2026-07-28 14:01,online
REF-31176932,Android Device,30,75,4g,TH,2026-04-17 15:00,offline
REF-194265D9,REF-Phone,34,13,4g,VN,2026-09-08 20:50,online
REF-BE844D8A,REF-Phone,29,24,wifi,VN,2026-05-14 22:48,offline
REF-1E19F5AF,REF-Tablet,30,86,wifi,VN,2026-09-24 18:02,offline
REF-A26C3FB6,REF-Tablet,31,53,4g,CN,2026-06-06 16:40,offline
REF-71B1F49A,REF-Phone,31,55,4g,ID,2026-03-11 07:32,online
REF-CB0247A6,Android Device,33,8,4g,ID,2026-11-19 02:18,online
REF-A64A576F,REF-Phone,31,8,wifi,TH,2026-12-11 20:09,online
REF-4A50BE34,REF-Phone,30,39,5g,VN,2026-12-11 16:09,offline
REF-AF6C7C77,REF-Tablet,29,58,5g,ID,2026-09-25 09:59,offline
REF-6A0248F7,REF-Tablet,29,34,4g,CN,2026-08-27 05:28,offline
REF-C8D1DCDF,REF-Phone,31,19,wifi,ID,2026-12-07 20:21,online
REF-5B232C77,REF-Phone,33,84,4g,ID,2026-05-03 18:02,offline
REF-A6D8E677,Android Device,33,21,4g,TH,2026-07-06 16:28,offline
REF-A5A50CD4,REF-Tablet,34,14,5g,CN,2026-01-04 13:19,offline
REF-324319A2,Android Device,33,34,4g,ID,2026-12-23 21:04,offline
REF-C30D89A1,REF-Tablet,30,65,5g,TH,2026-01-10 04:58,online
REF-36CFD7BC,REF-Tablet,29,13,5g,VN,2026-01-04 23:19,offline
REF-61213719,Android Device,31,98,wifi,VN,2026-06-19 10:14,offline
REF-6D7317AF,Android Device,30,96,4g,ID,2026-08-10 23:09,offline
REF-488455BC,Android Device,33,38,4g,VN,2026-06-23 04:58,offline
REF-3E313945,Android Device,31,72,4g,VN,2026-01-05 01:19,offline
REF-FE96756A,REF-Phone,29,95,4g,CN,2026-11-26 21:21,offline
REF-DD560601,Android Device,30,77,5g,ID,2026-09-06 13:31,offline
REF-89BE5996,REF-Tablet,33,91,5g,ID,2026-06-19 06:24,offline
REF-11787A58,REF-Tablet,29,53,4g,ID,2026-10-19 01:48,offline
REF-FDAD8598,REF-Tablet,29,78,wifi,VN,2026-12-13 23:02,offline
REF-7BD18FD3,REF-Tablet,29,29,5g,TH,2026-12-28 06:38,offline
REF-865FB40E,REF-Tablet,31,67,4g,ID,2026-08-21 07:46,online
REF-4D005C0C,Android Device,33,83,5g,VN,2026-05-20 21:12,offline
REF-E64C5961,REF-Phone,34,87,5g,CN,2026-05-08 00:19,online
REF-965E4BD4,Android Device,30,89,4g,ID,2026-07-13 14:46,online
REF-6CDEAE0D,REF-Phone,31,51,4g,TH,2026-07-07 21:03,online
REF-246B7198,REF-Tablet,34,87,5g,VN,2026-03-28 12:57,offline
REF-D9A8589E,Android Device,31,20,5g,ID,2026-12-21 21:11,online
REF-D1E26C61,REF-Phone,34,40,wifi,CN,2026-09-02 10:46,offline
REF-AA0D4187,REF-Tablet,31,100,wifi,ID,2026-04-02 18:53,online
REF-9D30F369,REF-Tablet,34,58,5g,ID,2026-01-17 13:39,offline
REF-6A33D993,Android Device,33,81,wifi,CN,2026-10-06 13:36,online
REF-8AF09D62,Android Device,31,29,4g,CN,2026-01-26 03:19,offline
REF-6127603E,REF-Tablet,30,62,4g,CN,2026-06-03 20:20,offline
REF-D9848046,REF-Tablet,34,24,4g,CN,2026-07-19 15:46,online
REF-324504FF,Android Device,31,90,4g,CN,2026-05-05 22:06,online
REF-77084E37,REF-Phone,29,16,4g,CN,2026-11-15 18:20,offline
REF-75CEE064,REF-Phone,33,77,5g,VN,2026-06-11 13:55,offline
REF-F6C475D7,Android Device,29,50,5g,TH,2026-11-16 07:18,online
REF-A40424A8,REF-Tablet,30,19,5g,ID,2026-11-07 07:41,online
REF-8BBE18D6,Android Device,34,43,4g,VN,2026-07-15 23:12,offline
REF-B00F6C24,REF-Phone,29,55,5g,TH,2026-12-10 16:31,online
REF-404CE034,REF-Tablet,34,55,5g,ID,2026-12-09 15:16,offline
REF-A906240F,REF-Tablet,29,97,wifi,ID,2026-06-03 17:56,online
REF-2E16A247,REF-Tablet,29,92,4g,ID,2026-07-04 19:20,online
REF-9959BB9F,REF-Tablet,29,62,5g,CN,2026-11-09 14:32,online
REF-9B23089D,REF-Tablet,34,7,wifi,TH,2026-08-27 05:05,online
REF-9E745E0C,REF-Tablet,29,99,wifi,CN,2026-02-11 05:43,offline
REF-4830F83A,Android Device,29,22,wifi,VN,2026-08-11 14:32,online
REF-EC268661,REF-Tablet,31,51,wifi,CN,2026-01-05 12:10,offline
REF-DE90F7B1,Android Device,29,99,5g,VN,2026-10-03 02:08,offline
REF-F41F5275,Android Device,34,97,5g,CN,2026-06-28 13:02,offline
REF-E943FA1C,Android Device,33,11,4g,CN,2026-01-09 06:32,online
REF-FDEAA382,Android Device,31,31,4g,TH,2026-12-03 13:33,online
REF-CE68DF7F,REF-Phone,31,42,wifi,ID,2026-09-09 19:03,offline
REF-2337C8B0,REF-Tablet,30,81,wifi,VN,2026-06-27 13:07,offline
REF-9EDBF874,REF-Phone,29,53,5g,CN,2026-12-15 20:58,online
REF-E88BB120,REF-Tablet,33,27,wifi,CN,2026-07-03 09:34,online
REF-608E960A,REF-Phone,33,32,5g,ID,2026-01-06 13:59,offline
REF-F454CE42,REF-Tablet,31,10,wifi,VN,2026-11-02 20:41,online
REF-B01F7864,REF-Phone,30,72,5g,CN,2026-06-06 20:05,offline
REF-F6497843,REF-Tablet,31,57,4g,ID,2026-01-10 23:30,offline
REF-F2359F25,Android Device,34,74,wifi,TH,2026-01-21 13:07,online
REF-B4A8A68D,REF-Phone,30,54,wifi,ID,2026-12-03 14:32,online
REF-BEF3340F,REF-Tablet,29,77,wifi,CN,2026-12-22 11:12,offline
REF-BFC005D6,Android Device,30,22,5g,VN,2026-08-22 17:27,online
REF-91A7A48B,REF-Phone,33,95,wifi,VN,2026-02-06 21:29,online
REF-9CA0C0CF,REF-Phone,34,17,4g,CN,2026-04-14 23:06,online
REF-B19ABD6A,REF-Tablet,30,30,5g,ID,2026-10-25 05:39,offline
REF-75765C4F,REF-Tablet,30,47,4g,CN,2026-10-16 16:32,offline
REF-10ADB57F,Android Device,34,63,5g,VN,2026-07-15 15:03,offline
REF-24CDAB8A,REF-Phone,31,30,4g,TH,2026-02-09 10:22,online
REF-E9065BB7,REF-Phone,34,10,5g,TH,2026-12-22 15:08,offline
REF-F6336E52,Android Device,34,12,4g,ID,2026-03-18 16:38,offline
REF-2E53C3D4,Android Device,31,14,4g,ID,2026-12-11 10:44,online
REF-3E4764B0,REF-Phone,31,27,wifi,VN,2026-10-23 00:23,offline
REF-2F1A5DCC,REF-Tablet,29,81,4g,VN,2026-07-25 18:45,offline
REF-7A7150D1,Android Device,34,25,5g,CN,2026-04-24 22:09,offline
REF-CC4B5E81,REF-Phone,34,16,5g,VN,2026-05-15 10:37,offline
REF-DE19CCCE,REF-Phone,30,28,wifi,ID,2026-09-28 04:10,online
REF-5A733FB5,Android Device,29,77,5g,ID,2026-07-21 21:34,online
REF-8939FCEC,REF-Phone,29,25,5g,VN,2026-03-04 19:09,offline
REF-683FDDA4,REF-Tablet,33,15,5g,TH,2026-07-12 15:48,offline
REF-5728127B,REF-Phone,34,73,4g,CN,2026-05-20 21:06,online
REF-783015D0,REF-Tablet,33,83,4g,ID,2026-08-04 22:52,online
REF-14CFF6D8,REF-Phone,31,29,wifi,CN,2026-07-03 07:52,online
REF-4A65D4C7,REF-Phone,30,81,wifi,TH,2026-01-19 09:13,offline
REF-87A61836,REF-Phone,30,58,5g,TH,2026-05-21 11:28,online
REF-D2A854AE,REF-Phone,31,100,5g,TH,2026-01-06 11:58,online
REF-4B50FBA3,REF-Phone,33,76,wifi,VN,2026-02-06 22:55,online
REF-20C585D4,REF-Phone,30,17,5g,TH,2026-07-26 20:12,offline
REF-DDFE736A,Android Device,31,30,wifi,VN,2026-07-15 10:36,online
REF-F9CD1426,REF-Phone,30,56,4g,ID,2026-09-26 14:07,offline
REF-89A13052,REF-Tablet,29,43,4g,TH,2026-07-09 16:46,offline
REF-C65A1DB6,REF-Phone,33,57,5g,CN,2026-06-26 05:16,offline
REF-8D30F2E4,REF-Phone,33,8,wifi,CN,2026-12-13 14:19,online
REF-5E702510,REF-Phone,34,73,4g,CN,2026-01-28 04:09,online
REF-A48FEF05,REF-Phone,34,53,5g,ID,2026-05-15 05:28,online
REF-1344E2D1,REF-Phone,29,33,wifi,VN,2026-01-12 23:31,offline
REF-29E4841D,Android Device,34,16,5g,VN,2026-09-12 02:28,offline
REF-F3153518,REF-Tablet,29,66,4g,CN,2026-04-12 07:52,offline
REF-7F2D0AFA,REF-Phone,29,10,5g,TH,2026-11-23 03:13,offline
REF-BB187C6E,REF-Phone,31,10,5g,VN,2026-06-22 17:26,offline
REF-6E19F368,REF-Phone,30,84,5g,ID,2026-06-06 14:32,offline
REF-95D8972C,REF-Tablet,31,91,5g,TH,2026-07-18 14:17,offline
REF-92473364,Android Device,34,53,4g,TH,2026-09-03 22:14,online
REF-A103F176,REF-Phone,34,22,wifi,CN,2026-11-21 20:41,online
REF-5DCC52B8,REF-Phone,30,72,5g,VN,2026-06-17 21:07,online
REF-7279FAFE,REF-Phone,29,57,5g,ID,2026-10-17 09:02,offline
REF-F39C1053,Android Device,31,81,5g,ID,2026-07-26 04:01,offline
REF-7676BA3F,REF-Phone,33,82,5g,VN,2026-05-20 21:57,offline
REF-792028BC,Android Device,29,21,wifi,ID,2026-08-15 20:28,offline
REF-17AB7279,Android Device,29,66,wifi,ID,2026-06-23 15:03,online
REF-CE644216,REF-Tablet,31,86,wifi,ID,2026-02-10 23:06,offline
REF-5A256A9B,Android Device,30,8,5g,VN,2026-05-24 15:52,online
REF-DBD72FD2,Android Device,34,11,4g,ID,2026-02-27 02:34,online
REF-6A13A6B1,REF-Phone,33,65,5g,TH,2026-11-03 14:41,online
REF-12A86ECE,Android Device,33,57,4g,TH,2026-09-15 21:52,offline
REF-649945D4,Android Device,29,95,wifi,TH,2026-10-02 16:18,online
REF-9105FA76,Android Device,31,28,5g,ID,2026-03-23 03:44,online
REF-78A8B2FB,REF-Phone,29,64,wifi,TH,2026-12-12 10:45,online
REF-351F80E5,REF-Phone,29,80,4g,TH,2026-04-15 03:12,online
REF-3260643C,Android Device,29,20,5g,CN,2026-03-23 08:35,offline
REF-FEAEC8D9,Android Device,33,88,5g,TH,2026-05-19 01:29,online
REF-8482CC46,REF-Phone,33,10,wifi,VN,2026-09-14 16:09,offline
REF-3C7BFC28,REF-Phone,33,41,4g,ID,2026-04-07 09:26,online
REF-5EFB997A,REF-Tablet,31,70,4g,VN,2026-08-08 10:52,offline
REF-FCC1B016,REF-Phone,30,61,wifi,ID,2026-09-24 17:51,online
REF-BEC988CF,REF-Phone,34,56,wifi,CN,2026-07-14 11:20,online
REF-99EB7B51,REF-Phone,29,82,4g,VN,2026-04-05 16:26,offline
REF-D29C45DB,Android Device,31,62,wifi,VN,2026-09-18 01:41,offline
REF-322A7489,REF-Tablet,31,58,4g,ID,2026-12-24 18:36,offline
REF-415737D1,Android Device,31,51,4g,VN,2026-12-01 14:49,offline
REF-9656CE67,REF-Phone,30,95,wifi,CN,2026-09-05 18:45,online
REF-CB46F6A6,REF-Phone,34,59,4g,TH,2026-07-14 10:33,offline
REF-6D490E88,Android Device,33,85,5g,CN,2026-12-12 16:22,offline
REF-A4B3AA16,Android Device,33,63,5g,CN,2026-12-19 21:59,online
REF-D304DE6C,Android Device,31,89,5g,VN,2026-05-20 16:49,online
REF-15C1C6CB,Android Device,34,81,wifi,VN,2026-05-27 17:11,online
REF-793DE9FC,Android Device,30,34,5g,VN,2026-07-03 09:46,offline
REF-C04A63CF,REF-Tablet,30,23,4g,TH,2026-11-10 07:49,online
REF-33812088,Android Device,34,75,wifi,ID,2026-04-08 23:13,offline
REF-2A9AAC7F,REF-Tablet,34,92,5g,TH,2026-12-26 10:27,online
REF-FD3F7FCA,Android Device,34,49,4g,TH,2026-09-08 05:31,offline
REF-34FAA8F6,REF-Phone,30,8,5g,CN,2026-07-20 06:26,offline
REF-523EDBF3,REF-Phone,33,66,wifi,TH,2026-01-04 10:23,offline
REF-FF3CC3C7,REF-Phone,31,56,5g,TH,2026-03-03 13:51,offline
REF-E167AF11,REF-Phone,30,29,wifi,TH,2026-03-13 20:47,offline
REF-4A03BD51,REF-Tablet,29,33,5g,ID,2026-07-02 04:40,online
REF-3F30B862,REF-Tablet,30,74,4g,ID,2026-01-07 19:08,offline
REF-C240DE9A,REF-Phone,31,8,5g,CN,2026-06-28 08:26,online
REF-2EA9771B,REF-Phone,33,87,wifi,CN,2026-03-12 07:15,online
REF-E82F49B5,REF-Tablet,33,21,wifi,TH,2026-12-23 17:53,offline
REF-7BFEAFBC,REF-Tablet,33,47,wifi,TH,2026-05-21 06:18,offline
REF-F69DB6F4,Android Device,30,59,wifi,VN,2026-05-08 16:01,online
REF-46331718,REF-Phone,31,86,4g,TH,2026-01-26 15:55,offline
REF-7B8EBD17,Android Device,33,78,5g,VN,2026-12-04 02:45,offline
REF-557B391C,REF-Phone,30,87,5g,ID,2026-02-12 19:37,online
REF-8715F753,REF-Tablet,29,44,5g,CN,2026-09-23 01:07,offline
REF-7A0A5F6F,Android Device,34,68,5g,VN,2026-06-20 13:07,online
REF-EF7A989D,REF-Tablet,34,80,4g,VN,2026-09-10 13:49,online
REF-AA52A4DA,REF-Phone,29,96,4g,VN,2026-06-23 00:36,offline
REF-AE1372C2,REF-Tablet,33,34,5g,CN,2026-07-24 19:12,online
REF-A0E840E6,REF-Phone,30,45,5g,TH,2026-07-02 13:09,online
REF-A830FB09,REF-Tablet,33,82,wifi,TH,2026-12-02 11:34,offline
REF-B539A8F1,REF-Phone,34,55,4g,VN,2026-10-23 18:36,offline
REF-58C12649,REF-Phone,31,65,4g,CN,2026-04-15 22:58,online
REF-6D77429E,REF-Tablet,29,16,5g,VN,2026-12-18 01:41,online
REF-2CECF608,Android Device,31,40,5g,CN,2026-12-08 20:27,offline
REF-E53456AE,Android Device,31,64,wifi,CN,2026-01-20 21:28,offline
REF-69F467DA,Android Device,34,19,4g,TH,2026-10-07 12:29,offline
REF-FAF11623,REF-Phone,31,62,4g,TH,2026-06-09 18:55,offline
REF-52E856A4,Android Device,29,77,4g,VN,2026-06-01 17:07,offline
REF-59D1B07D,Android Device,31,79,4g,VN,2026-11-10 21:19,offline
REF-C534AAE5,Android Device,31,28,wifi,VN,2026-12-07 18:25,offline
REF-FE72C128,Android Device,31,74,wifi,CN,2026-10-18 00:11,offline
REF-168E3FD4,Android Device,33,46,5g,CN,2026-09-16 06:31,offline
REF-39DC70C3,Android Device,33,52,wifi,TH,2026-07-25 02:10,online
REF-617C6389,REF-Phone,34,29,4g,VN,2026-01-13 22:06,online
REF-A9805275,REF-Phone,31,73,5g,ID,2026-03-19 13:21,offline
REF-CAF9C3F8,REF-Phone,33,91,wifi,ID,2026-02-23 13:22,offline
REF-4B8A2AF0,REF-Tablet,29,14,5g,CN,2026-03-11 09:17,offline
REF-20581E25,REF-Phone,34,58,4g,ID,2026-01-18 15:52,offline
REF-287DBFFA,Android Device,30,21,wifi,CN,2026-05-02 01:34,offline
REF-26311E88,REF-Tablet,29,35,5g,ID,2026-05-20 00:27,offline
REF-BDFE12D8,REF-Tablet,29,75,4g,TH,2026-12-13 11:57,online
REF-6D52C9EC,Android Device,33,20,4g,ID,2026-01-28 13:19,offline
REF-61467389,REF-Tablet,30,66,4g,CN,2026-04-07 10:00,offline
REF-AF6D9111,REF-Tablet,30,25,wifi,TH,2026-05-12 18:26,offline
REF-9EA4173C,Android Device,30,12,5g,TH,2026-10-19 01:51,online
REF-5907B44D,REF-Phone,29,57,5g,VN,2026-12-25 21:31,offline
REF-47DC4A31,REF-Phone,29,85,4g,ID,2026-11-18 16:04,offline
REF-BA7A45A4,REF-Phone,33,68,5g,TH,2026-05-12 15:41,online
REF-9DDA44E8,REF-Phone,31,27,5g,ID,2026-07-06 13:08,offline
REF-DA7D74E6,REF-Phone,34,78,wifi,CN,2026-11-26 22:49,online
REF-D3D9CAD7,Android Device,29,9,wifi,ID,2026-01-22 16:26,online
REF-A6C27181,Android Device,34,10,wifi,CN,2026-09-19 11:45,offline
REF-C2BE59A2,REF-Phone,31,21,5g,ID,2026-06-03 10:17,online
REF-C50B8260,REF-Phone,29,56,wifi,VN,2026-07-06 00:05,online
REF-739667BB,REF-Tablet,30,16,4g,VN,2026-07-16 10:01,online
REF-FBFD0B90,Android Device,34,53,4g,TH,2026-01-08 18:41,online
REF-3DE60DFD,REF-Phone,30,79,5g,ID,2026-10-07 11:04,online
REF-ED943F30,REF-Phone,31,37,4g,TH,2026-01-21 03:14,online
REF-5FFCD19A,REF-Phone,34,30,4g,ID,2026-06-14 16:58,offline
REF-91A65441,REF-Tablet,34,60,wifi,VN,2026-05-17 11:59,online
REF-47637B92,REF-Phone,30,13,wifi,VN,2026-09-27 10:32,online
REF-CEFF26BC,REF-Tablet,33,68,5g,TH,2026-06-08 11:08,offline
REF-F0BD4329,REF-Tablet,31,35,wifi,TH,2026-07-28 18:50,online
REF-FEA48EF5,Android Device,34,29,wifi,ID,2026-02-26 02:14,offline
REF-CB122BF5,REF-Tablet,29,70,wifi,ID,2026-12-21 21:34,offline
REF-56B92AE3,REF-Tablet,30,72,4g,TH,2026-02-02 23:26,offline
REF-7F54D636,REF-Tablet,30,65,5g,VN,2026-04-02 06:51,offline
REF-FF6C86E1,REF-Tablet,29,80,wifi,VN,2026-06-08 12:27,offline
REF-CD97769F,REF-Tablet,31,43,4g,TH,2026-09-20 03:49,offline
REF-ADC00CEF,REF-Phone,33,93,5g,ID,2026-08-19 18:55,offline
REF-330C6985,REF-Phone,34,16,4g,ID,2026-07-26 22:49,online
REF-107AC0AD,REF-Tablet,31,54,5g,VN,2026-01-25 10:27,online
REF-74F20CDC,Android Device,29,72,4g,CN,2026-05-04 23:20,offline
REF-A89023B5,Android Device,30,21,5g,ID,2026-06-07 03:39,online
REF-6764724A,Android Device,33,24,wifi,TH,2026-08-21 06:40,offline
REF-EFC63CFA,Android Device,33,81,4g,ID,2026-10-07 14:13,offline
REF-C0C0E2B8,Android Device,31,34,wifi,ID,2026-11-15 08:25,offline
REF-AAF58FCB,REF-Phone,33,97,4g,ID,2026-07-08 07:43,online
REF-864ABE2D,REF-Phone,30,86,5g,CN,2026-08-04 05:35,offline
REF-5270889A,REF-Tablet,29,83,4g,VN,2026-07-20 02:28,online
REF-FD559840,REF-Tablet,31,85,wifi,ID,2026-08-12 13:34,offline
REF-BB52FA12,REF-Phone,33,67,5g,ID,2026-07-19 14:07,online
REF-88784420,REF-Phone,31,77,wifi,CN,2026-09-22 22:32,offline
REF-8A1DA66E,REF-Tablet,34,58,wifi,TH,2026-01-24 18:44,offline
REF-6C5D1DBF,REF-Phone,33,48,wifi,TH,2026-02-26 10:55,online
REF-5773B24E,REF-Phone,34,60,4g,CN,2026-03-18 23:40,offline
REF-620A7728,REF-Phone,31,49,wifi,VN,2026-02-04 21:35,online
REF-74AE97CB,REF-Tablet,31,11,5g,CN,2026-02-28 09:32,online
REF-83544D5C,REF-Tablet,34,33,wifi,CN,2026-07-03 14:33,offline
REF-D35181AF,Android Device,31,43,4g,VN,2026-04-10 09:24,online
REF-DFAE1CC3,REF-Tablet,34,25,5g,ID,2026-06-20 04:41,online
REF-11ABC812,REF-Phone,30,74,5g,CN,2026-02-12 10:21,online
REF-EFCAE3AD,Android Device,29,20,4g,ID,2026-11-03 20:28,offline
REF-4938902D,Android Device,30,78,5g,ID,2026-01-24 09:14,offline
REF-33683BCD,REF-Phone,31,62,5g,ID,2026-07-10 21:34,online
REF-B95BC478,Android Device,31,98,5g,ID,2026-03-02 16:54,online
REF-58FCD483,Android Device,30,15,wifi,CN,2026-05-19 18:17,offline
REF-592E75C9,REF-Tablet,31,47,wifi,ID,2026-02-20 00:51,online
REF-727C29EA,REF-Tablet,31,29,5g,ID,2026-01-09 20:14,online
REF-E831FC60,REF-Tablet,29,63,5g,ID,2026-06-17 09:56,offline
REF-1E3EC9BA,REF-Tablet,33,46,wifi,ID,2026-05-23 23:05,offline
REF-5F620223,Android Device,33,88,wifi,CN,2026-02-08 02:56,offline
REF-FDFE554B,REF-Tablet,29,9,5g,TH,2026-06-26 13:38,offline
REF-AA9186CD,Android Device,29,69,5g,VN,2026-12-24 18:43,online
REF-3C8FF430,REF-Phone,30,70,wifi,CN,2026-02-04 18:06,offline
REF-694030BC,Android Device,29,84,5g,VN,2026-08-03 12:06,online
REF-77A88AE4,REF-Tablet,34,55,5g,TH,2026-11-09 05:58,offline
REF-D15BB72F,REF-Phone,29,98,5g,TH,2026-08-24 07:14,offline
REF-DE637360,REF-Phone,29,16,wifi,VN,2026-01-05 05:21,offline
REF-5ABA36C2,Android Device,33,79,wifi,TH,2026-04-23 13:15,online
REF-7D54A287,REF-Tablet,34,36,wifi,ID,2026-03-22 11:23,online
REF-51EE7D27,REF-Tablet,34,98,wifi,CN,2026-10-09 09:30,online
REF-C91F0D81,Android Device,29,87,wifi,TH,2026-04-19 04:36,offline
REF-A34DB3F4,Android Device,29,52,4g,CN,2026-02-09 04:57,online
REF-5AE50C80,REF-Phone,34,76,4g,VN,2026-08-05 06:47,offline
REF-A98AD4A5,Android Device,31,100,4g,ID,2026-11-09 11:34,online
REF-8D500DCD,REF-Tablet,29,13,4g,ID,2026-04-13 12:14,online
REF-14060F92,Android Device,33,91,wifi,ID,2026-05-25 00:21,online
REF-6CEA262E,Android Device,33,40,5g,ID,2026-02-11 06:27,offline
REF-3C4ED890,REF-Tablet,29,86,5g,TH,2026-06-15 16:19,online
REF-65EBE42D,REF-Phone,34,69,wifi,CN,2026-01-17 12:53,offline
REF-A70269FF,REF-Tablet,30,82,5g,ID,2026-02-03 04:58,online
REF-5F0D30F4,REF-Tablet,33,27,4g,VN,2026-11-04 06:09,online
REF-BCA57AC9,Android Device,33,36,5g,CN,2026-06-04 11:43,online
REF-267B15D4,REF-Tablet,30,66,4g,TH,2026-12-16 16:41,offline
REF-2740F4C3,Android Device,29,62,4g,ID,2026-03-21 06:07,offline
REF-DE9F6505,REF-Tablet,30,30,4g,VN,2026-03-01 21:33,online
REF-9A447712,REF-Phone,34,40,4g,TH,2026-10-06 01:39,online
REF-C46EC26E,Android Device,31,83,5g,CN,2026-12-26 20:07,online
REF-F9554D0A,Android Device,29,96,5g,ID,2026-01-07 14:14,offline
REF-D167811D,REF-Phone,30,15,wifi,TH,2026-08-24 14:16,online
REF-795FFBC6,REF-Phone,30,80,4g,ID,2026-03-14 18:01,offline
REF-2DA12531,REF-Phone,33,9,wifi,VN,2026-07-01 07:54,online
REF-A12C1443,REF-Tablet,34,96,wifi,TH,2026-12-07 14:12,offline
REF-8BAC7AC3,REF-Phone,34,78,4g,TH,2026-03-28 12:42,online
REF-5CCA1543,Android Device,31,18,5g,CN,2026-11-27 17:50,online
REF-D2F9D511,REF-Tablet,31,38,4g,CN,2026-06-10 01:15,online
REF-8AAB35AB,REF-Phone,30,94,4g,VN,2026-03-24 18:56,offline
REF-4BF50C6F,REF-Phone,29,34,5g,VN,2026-06-18 21:49,online
REF-4C0C7555,REF-Tablet,31,100,5g,CN,2026-09-24 14:24,online
REF-171FF617,REF-Tablet,29,49,wifi,CN,2026-11-14 01:55,online
REF-589BF79A,Android Device,30,22,5g,VN,2026-03-09 08:22,online
REF-B4C11C85,REF-Phone,34,51,wifi,TH,2026-05-03 07:16,online
REF-613333E2,REF-Tablet,31,72,wifi,VN,2026-05-15 00:26,offline
REF-DF4073C5,REF-Tablet,33,31,4g,CN,2026-11-02 01:44,online
REF-6511FD75,REF-Tablet,29,8,5g,TH,2026-07-26 15:00,online
REF-B7AAEF7D,Android Device,30,79,wifi,ID,2026-01-26 17:10,online
REF-6D4A7A5F,REF-Phone,30,47,wifi,VN,2026-12-21 05:16,online
REF-C917E5A9,Android Device,31,59,5g,CN,2026-03-23 05:58,online
REF-A3815913,REF-Tablet,34,96,wifi,TH,2026-08-24 00:46,offline
REF-A0F5D7AA,REF-Tablet,31,91,4g,TH,2026-08-15 09:43,online
REF-48C17FDD,REF-Tablet,34,56,wifi,CN,2026-03-21 03:52,online
REF-BE072968,Android Device,31,80,5g,TH,2026-06-08 19:05,online
REF-9FB18DE4,REF-Phone,34,42,5g,ID,2026-05-09 20:53,offline
REF-412CFCC2,REF-Tablet,29,30,4g,CN,2026-05-08 06:41,online
REF-8F3A5606,Android Device,34,50,5g,CN,2026-01-01 01:54,online
REF-6FE9C29A,REF-Phone,29,94,wifi,CN,2026-06-02 04:19,online
REF-C64E2428,Android Device,29,27,wifi,VN,2026-05-02 15:20,offline
REF-538BB3B5,REF-Tablet,29,93,4g,TH,2026-03-18 17:34,offline
REF-1B72C4AC,REF-Phone,34,37,4g,ID,2026-09-15 16:53,offline
REF-AEA82D4E,REF-Tablet,34,70,wifi,VN,2026-08-05 14:11,online
REF-C7C8367E,Android Device,33,76,4g,ID,2026-08-17 05:14,online
REF-7B9FE4D1,REF-Tablet,33,23,5g,CN,2026-08-27 13:36,offline
REF-E20903C2,Android Device,31,66,wifi,VN,2026-05-07 19:22,online
REF-B012A474,REF-Tablet,31,20,wifi,TH,2026-02-23 00:39,online
REF-4E25117B,REF-Tablet,29,47,5g,TH,2026-08-02 04:54,online
REF-5377D2CC,REF-Phone,30,56,5g,VN,2026-04-01 08:20,online
REF-AE6C47B6,Android Device,33,47,wifi,CN,2026-01-27 18:08,offline
REF-3EBC818E,Android Device,31,42,wifi,TH,2026-04-23 08:17,online
REF-63629405,REF-Tablet,31,41,5g,VN,2026-12-28 07:29,online
REF-3E7227FD,REF-Tablet,33,62,4g,TH,2026-09-04 23:01,online
REF-4250A12A,Android Device,34,63,4g,VN,2026-03-13 17:25,offline
REF-DDD1EB90,Android Device,29,96,5g,CN,2026-05-01 07:29,offline
REF-17F991F6,REF-Phone,33,57,wifi,TH,2026-01-28 20:27,offline
REF-C65DAC07,REF-Phone,30,98,5g,CN,2026-12-13 07:47,online
REF-69749B79,REF-Phone,33,46,wifi,ID,2026-04-14 06:09,online
REF-4FEBAA05,Android Device,31,43,4g,ID,2026-09-13 14:02,offline
REF-617F7D21,REF-Tablet,29,11,4g,ID,2026-11-15 20:59,offline
REF-8E70BA79,REF-Tablet,29,12,5g,VN,2026-06-10 04:28,offline
REF-87CD435B,Android Device,34,75,wifi,CN,2026-09-03 15:53,offline
REF-E8EA524A,REF-Phone,31,39,4g,ID,2026-02-25 15:05,online
REF-3416D1FA,Android Device,34,11,5g,ID,2026-02-15 00:52,online
REF-FD00E9D5,REF-Tablet,31,88,5g,CN,2026-06-23 21:24,online
REF-2DDFC15C,Android Device,34,89,4g,TH,2026-03-13 20:23,online
REF-4FD48542,REF-Tablet,30,31,wifi,TH,2026-04-18 04:40,online
REF-4D537E17,Android Device,33,9,wifi,ID,2026-11-05 07:30,offline
REF-7E468D1D,REF-Phone,30,26,4g,CN,2026-06-03 15:00,online
REF-BC8DE468,REF-Phone,29,44,4g,TH,2026-10-24 09:51,offline
REF-9B096FC2,REF-Phone,34,46,5g,CN,2026-06-06 05:09,online
REF-79C0EFCA,REF-Phone,33,18,5g,TH,2026-04-03 16:30,offline
REF-BDA1F07D,REF-Tablet,34,39,4g,VN,2026-04-09 01:10,offline
REF-6E1D686F,REF-Tablet,31,38,wifi,TH,2026-03-20 08:30,online
REF-E8E02AFF,Android Device,33,36,wifi,TH,2026-03-26 07:02,offline
REF-55AA06D8,REF-Phone,29,58,5g,VN,2026-04-23 01:24,online
REF-45077E2A,REF-Tablet,34,83,wifi,TH,2026-11-13 08:50,online
REF-A9419F82,REF-Phone,30,99,4g,ID,2026-08-27 05:51,offline
REF-F5C280FE,REF-Tablet,31,34,5g,TH,2026-10-15 23:12,online
REF-FAC92995,Android Device,34,50,4g,VN,2026-08-23 22:24,offline
REF-80838066,REF-Tablet,34,84,5g,ID,2026-05-12 22:43,online
REF-7349C8F1,REF-Phone,33,37,wifi,VN,2026-12-18 00:16,online
REF-D4D05ACD,Android Device,34,38,4g,TH,2026-02-13 18:25,online
REF-7E2B4F8A,REF-Phone,31,49,4g,TH,2026-12-27 21:24,offline
REF-C6A73275,REF-Tablet,34,34,4g,VN,2026-11-01 14:58,online
REF-D1DB707C,REF-Phone,31,17,wifi,TH,2026-01-13 22:59,offline
REF-A740960A,REF-Tablet,30,53,wifi,VN,2026-01-19 16:11,offline
REF-BC95313A,REF-Tablet,34,53,4g,VN,2026-02-25 10:00,offline
REF-B761FDAF,REF-Phone,30,11,5g,CN,2026-12-26 00:11,offline
REF-A746B416,REF-Tablet,31,41,5g,ID,2026-11-15 23:25,online
REF-D814867E,REF-Tablet,31,36,5g,CN,2026-04-04 17:21,online
REF-5E78B6FC,REF-Phone,29,44,5g,TH,2026-02-25 19:22,online
REF-E2C2B6DF,Android Device,34,6,4g,CN,2026-06-11 07:54,offline
REF-F572C0B6,REF-Tablet,33,81,4g,TH,2026-06-10 01:05,offline
REF-17C04537,REF-Tablet,34,17,4g,TH,2026-03-06 02:52,online
REF-FFBCA2AA,Android Device,34,99,wifi,CN,2026-05-23 06:11,online
REF-243FF722,Android Device,33,13,5g,TH,2026-10-22 15:10,offline
REF-93D85777,Android Device,31,16,wifi,ID,2026-07-18 09:54,online
REF-5C443C1F,REF-Phone,29,63,5g,TH,2026-03-22 10:28,online
REF-D2FAB862,REF-Tablet,31,16,5g,CN,2026-06-23 06:02,offline
REF-E9DAFEB1,REF-Tablet,30,71,wifi,CN,2026-09-27 06:20,online
REF-B50FF9C9,Android Device,34,59,wifi,TH,2026-05-06 03:37,offline
REF-671491EA,REF-Tablet,30,94,4g,TH,2026-03-17 19:46,online
REF-919E3791,Android Device,29,21,wifi,CN,2026-04-12 10:26,offline
REF-B856FC4F,Android Device,33,23,5g,VN,2026-07-28 12:51,offline
REF-4F583E65,Android Device,33,37,5g,VN,2026-11-22 02:28,online
REF-7934F571,REF-Tablet,30,95,wifi,ID,2026-07-18 05:31,offline
REF-5B3FA6B0,REF-Phone,29,60,5g,ID,2026-05-28 14:23,online
REF-AB1B5A98,Android Device,33,66,5g,CN,2026-09-15 20:29,online
REF-461ACBAF,Android Device,30,68,4g,VN,2026-01-02 10:05,offline
REF-F0F19D16,Android Device,30,81,wifi,TH,2026-04-18 08:45,online
REF-13A862F6,REF-Phone,31,86,4g,TH,2026-11-08 19:52,offline
REF-D17E77A4,REF-Phone,33,11,wifi,VN,2026-11-18 17:10,offline
REF-1C1F7632,Android Device,29,16,5g,TH,2026-08-14 19:07,offline
REF-55AAA1AE,REF-Phone,33,20,wifi,ID,2026-10-28 18:43,offline
REF-943E176A,REF-Tablet,29,83,wifi,TH,2026-11-15 01:54,online
REF-6286877E,REF-Tablet,33,78,wifi,VN,2026-10-19 15:57,offline
REF-DA04C91E,REF-Phone,31,49,5g,ID,2026-03-26 20:41,offline
REF-DCDFA54E,REF-Tablet,33,70,5g,CN,2026-04-24 20:46,online
REF-6D19A17A,REF-Phone,31,19,wifi,CN,2026-07-21 04:34,online
REF-D482F074,REF-Phone,34,57,5g,CN,2026-05-17 04:25,offline
REF-61F3BB56,Android Device,29,30,wifi,ID,2026-12-13 10:09,online
REF-44CDD85F,REF-Tablet,31,37,wifi,VN,2026-03-11 11:24,offline
REF-DC01EF7F,REF-Phone,30,48,5g,VN,2026-04-16 01:48,offline
REF-FA1CBB1A,REF-Phone,31,9,4g,TH,2026-10-26 14:56,offline
REF-4A007295,Android Device,30,81,5g,TH,2026-06-18 13:48,offline
REF-D5EE150E,Android Device,31,70,wifi,CN,2026-08-28 05:36,offline
REF-3903E6EF,Android Device,34,76,4g,VN,2026-03-05 14:04,offline
REF-CA9ACEA9,REF-Phone,34,28,wifi,ID,2026-02-18 06:08,offline
REF-CA73F7AA,REF-Tablet,30,29,4g,VN,2026-01-17 22:22,online
REF-2DA34FE2,Android Device,33,83,4g,CN,2026-11-02 16:28,offline
REF-9E95B3CA,REF-Phone,30,72,4g,TH,2026-12-21 12:25,offline
REF-4A7B3030,REF-Tablet,33,66,4g,CN,2026-01-26 21:13,offline
REF-877F81FA,REF-Tablet,31,19,5g,CN,2026-07-15 10:24,online
REF-A8B12B6D,REF-Tablet,30,95,4g,ID,2026-03-04 06:32,offline
REF-312D0C1E,REF-Phone,29,85,4g,VN,2026-09-13 00:22,offline
REF-B6463E05,Android Device,34,33,5g,TH,2026-10-21 22:55,offline
REF-CAFA3BD0,Android Device,34,59,wifi,TH,2026-08-11 09:12,offline
REF-628181CC,REF-Phone,34,84,wifi,CN,2026-05-04 03:33,offline
REF-316D8897,REF-Tablet,31,45,wifi,ID,2026-02-27 21:47,offline
REF-52A60C07,Android Device,34,35,wifi,CN,2026-08-04 17:15,online
REF-4B8FF58C,REF-Phone,29,53,5g,ID,2026-06-16 23:17,offline
REF-38C5F6E3,REF-Tablet,29,57,5g,TH,2026-04-15 16:10,online
REF-D514DB78,REF-Phone,31,90,wifi,TH,2026-11-17 16:08,online
REF-F1CDC971,Android Device,30,21,wifi,VN,2026-11-12 02:58,online
REF-19761F0C,Android Device,30,56,wifi,VN,2026-08-26 14:20,online
REF-DF3F2BD3,Android Device,29,93,5g,ID,2026-09-03 01:58,offline
REF-30A1A9F6,REF-Phone,33,100,wifi,ID,2026-12-12 20:00,online
REF-545875F5,Android Device,34,16,5g,CN,2026-01-25 02:44,online
REF-E4A6009C,REF-Tablet,30,22,5g,ID,2026-09-28 17:15,offline
REF-F9C83BE5,REF-Tablet,30,72,4g,CN,2026-12-25 13:41,offline
REF-27AEB9E3,REF-Phone,34,80,4g,CN,2026-08-15 00:12,offline
REF-4E948889,REF-Phone,34,6,5g,ID,2026-05-04 09:17,offline
REF-FA5B840E,REF-Tablet,29,33,5g,ID,2026-12-02 10:19,online
REF-7CE12B28,REF-Tablet,31,13,5g,ID,2026-10-27 06:28,offline
REF-F41F97D8,Android Device,34,71,4g,ID,2026-02-23 22:23,online
REF-9E1D828B,REF-Tablet,34,82,4g,VN,2026-03-21 01:28,offline
REF-F83DE66B,REF-Phone,31,42,5g,TH,2026-04-04 20:23,offline
REF-B3183AA7,REF-Tablet,34,56,5g,CN,2026-11-12 20:33,online
REF-B12ABAF5,Android Device,30,88,4g,CN,2026-09-05 16:56,offline
REF-8D5690D2,Android Device,33,68,5g,VN,2026-09-17 03:48,online
REF-79B5C186,REF-Tablet,31,33,wifi,TH,2026-08-17 04:18,offline
REF-6D5D5A0B,Android Device,31,37,5g,TH,2026-07-06 23:48,offline
REF-421C49FE,Android Device,34,6,4g,CN,2026-06-28 22:35,online
REF-54B77CED,REF-Phone,33,64,wifi,TH,2026-09-28 07:15,offline
REF-320A24A9,REF-Tablet,34,24,4g,VN,2026-05-22 07:43,online
REF-1647462E,REF-Phone,29,45,5g,CN,2026-04-17 16:51,online
REF-63706BFD,REF-Tablet,30,66,5g,CN,2026-03-26 06:19,online
REF-39E84A6A,Android Device,30,77,wifi,VN,2026-09-12 22:25,online
REF-22ECD629,REF-Phone,29,19,5g,VN,2026-08-06 16:11,offline
REF-B1BE79A8,REF-Phone,33,96,4g,ID,2026-11-07 18:20,offline
REF-66D3D415,REF-Phone,29,16,wifi,ID,2026-05-24 03:02,online
REF-44071A2F,REF-Phone,30,25,wifi,ID,2026-01-07 02:09,online
REF-4DDAED97,REF-Tablet,31,91,wifi,VN,2026-09-26 23:02,offline
REF-2FA1101B,REF-Phone,29,26,5g,CN,2026-04-18 09:09,offline
REF-F767EAD9,REF-Tablet,31,70,5g,VN,2026-09-16 02:35,offline
REF-81CFD276,REF-Phone,31,58,wifi,VN,2026-04-25 15:40,online
REF-CBE5A609,REF-Tablet,33,43,5g,CN,2026-08-16 03:21,offline
REF-F7D77684,REF-Tablet,34,98,5g,VN,2026-08-10 16:51,online
REF-1C65683A,Android Device,34,46,wifi,TH,2026-12-19 23:55,online
REF-10C0F4F4,Android Device,30,29,5g,VN,2026-08-02 10:10,online
REF-5477A161,Android Device,31,68,5g,ID,2026-01-25 13:31,offline
REF-7ED390F0,Android Device,29,89,wifi,TH,2026-12-24 20:09,online
REF-4EE2C807,REF-Phone,29,59,5g,TH,2026-10-13 11:04,offline
REF-6260D19D,REF-Tablet,33,70,wifi,TH,2026-12-23 21:06,offline
REF-42E94401,Android Device,31,6,4g,ID,2026-02-26 13:12,offline
REF-36FE8152,REF-Tablet,29,60,wifi,ID,2026-08-17 00:11,online
REF-9AD92F3F,Android Device,30,65,4g,TH,2026-11-28 21:06,offline
REF-36167185,Android Device,33,26,wifi,TH,2026-07-15 04:00,offline
REF-1D71868E,REF-Phone,34,81,5g,TH,2026-08-27 18:17,offline
REF-5023974B,Android Device,33,97,5g,ID,2026-12-07 10:56,offline
REF-9F68D1A1,REF-Phone,31,27,5g,CN,2026-12-06 03:53,online
REF-C6FA8F36,Android Device,34,13,wifi,CN,2026-06-08 10:48,offline
REF-C1E0A4C5,REF-Phone,31,36,wifi,ID,2026-04-06 14:49,offline
REF-ABDE94D3,REF-Tablet,30,70,5g,VN,2026-12-19 11:20,offline
REF-9C857CF3,REF-Tablet,30,24,4g,CN,2026-04-28 23:25,online
REF-7D1B8B57,REF-Tablet,30,52,4g,TH,2026-05-16 12:52,online
REF-62CBCB96,Android Device,31,80,4g,CN,2026-09-09 09:41,offline
REF-B39B261D,Android Device,29,76,4g,TH,2026-08-25 09:31,offline
REF-B7CA3A06,REF-Phone,29,83,wifi,VN,2026-09-09 13:41,online
REF-B1CAAEC2,Android Device,29,14,4g,CN,2026-04-18 20:47,online
REF-979178CE,Android Device,34,45,4g,VN,2026-07-09 06:05,offline
REF-B60B8332,Android Device,29,84,wifi,TH,2026-09-10 04:34,offline
REF-E1955735,REF-Tablet,31,64,wifi,TH,2026-07-20 18:31,offline
REF-1D618BD9,REF-Phone,33,56,wifi,ID,2026-10-13 19:17,online
REF-19140E21,REF-Tablet,31,71,4g,ID,2026-01-25 20:32,offline
REF-396DCBE1,REF-Phone,29,76,5g,ID,2026-12-10 11:30,offline
REF-A53D668D,REF-Phone,34,21,5g,TH,2026-08-21 02:52,online
REF-A704D06F,REF-Phone,30,18,4g,VN,2026-07-16 18:35,online
REF-148FF40E,REF-Tablet,29,14,wifi,TH,2026-10-26 02:23,online
REF-81D02FF9,REF-Tablet,30,36,5g,ID,2026-02-24 23:06,online
REF-C5EB92EF,REF-Tablet,31,64,5g,VN,2026-09-11 18:03,online
REF-4BA8D69A,REF-Tablet,34,17,5g,ID,2026-04-25 13:22,offline
REF-395E92EB,REF-Tablet,31,9,5g,TH,2026-03-23 19:12,online
REF-F9A8EE89,Android Device,30,89,wifi,CN,2026-03-17 21:43,online
REF-CA5FD863,REF-Tablet,29,23,5g,CN,2026-11-01 19:01,online
REF-1351DDDD,REF-Phone,30,15,wifi,ID,2026-01-11 06:11,online
REF-1A6DB0B4,REF-Tablet,31,23,5g,CN,2026-03-25 06:45,offline
REF-837737A8,Android Device,29,75,5g,CN,2026-11-24 21:27,offline
REF-761E7B21,Android Device,31,74,5g,VN,2026-12-25 22:15,online
REF-720DDC92,REF-Tablet,34,68,4g,TH,2026-02-23 14:29,offline
REF-33DECA02,Android Device,29,92,wifi,TH,2026-03-19 02:18,offline
REF-2B25B1D9,REF-Tablet,29,31,5g,TH,2026-03-14 16:38,online
REF-F3C47FE5,REF-Tablet,34,39,5g,TH,2026-03-19 03:27,online
REF-2A9AB911,REF-Tablet,33,79,4g,TH,2026-04-01 18:44,offline
REF-EF43E9F6,REF-Phone,34,69,4g,VN,2026-12-27 01:13,offline
REF-FCE0AAC4,Android Device,30,30,4g,TH,2026-11-13 14:10,online
REF-5CEF22D8,REF-Tablet,31,14,4g,VN,2026-09-04 15:39,online
REF-B4DB6946,REF-Phone,29,62,5g,TH,2026-10-08 13:51,online
REF-5D3A79B4,Android Device,30,85,5g,ID,2026-06-21 13:03,online
REF-19EA1488,REF-Tablet,33,47,4g,ID,2026-06-15 19:56,online
REF-8732DDAE,REF-Phone,33,96,4g,TH,2026-04-26 21:10,offline
REF-C8F5C569,REF-Phone,31,72,4g,ID,2026-06-28 04:08,offline
REF-4C50C0F8,Android Device,33,62,4g,VN,2026-08-22 12:12,offline
REF-2176CC11,Android Device,34,59,5g,VN,2026-12-02 00:42,online
REF-7DD67F32,REF-Tablet,29,65,4g,ID,2026-05-21 17:12,online
REF-BE202348,REF-Tablet,33,19,5g,TH,2026-09-23 01:17,online
REF-8D5A6788,REF-Phone,33,21,wifi,VN,2026-05-20 06:48,online
REF-556A24FB,REF-Phone,30,88,5g,VN,2026-10-18 05:38,offline
REF-720406D4,REF-Phone,30,90,wifi,VN,2026-05-19 23:52,online
REF-ACF0527C,REF-Tablet,34,30,4g,CN,2026-05-15 19:34,online
REF-84A5E0C0,REF-Phone,30,95,4g,TH,2026-10-15 09:53,online
REF-37F46ADB,REF-Phone,29,10,4g,VN,2026-03-27 16:09,online
REF-FDD64A59,Android Device,34,50,4g,TH,2026-02-26 13:10,online
REF-9A13D21A,Android Device,31,25,5g,TH,2026-02-16 16:54,online
REF-144B6BD2,Android Device,29,14,4g,CN,2026-11-28 07:19,online
REF-EB702EBA,REF-Phone,30,81,4g,CN,2026-01-22 05:20,offline
REF-F6206993,Android Device,31,94,wifi,VN,2026-11-23 06:57,online
REF-FB2B1BA0,REF-Tablet,33,96,4g,CN,2026-05-23 04:28,offline
REF-D14587E3,REF-Tablet,29,79,5g,CN,2026-04-21 08:30,offline
REF-FA8CA0EB,REF-Tablet,29,86,wifi,CN,2026-05-02 18:12,offline
REF-5A10B91E,REF-Tablet,31,47,5g,VN,2026-11-06 12:26,online
REF-41C25EBE,Android Device,33,98,4g,TH,2026-05-02 00:27,offline
REF-70D8C5C7,REF-Phone,34,61,5g,ID,2026-11-16 10:56,online
REF-98C62AB3,REF-Tablet,34,63,wifi,TH,2026-04-14 23:05,offline
REF-6D87BF04,REF-Phone,29,99,5g,CN,2026-10-07 19:10,online
REF-BB2DFB8A,Android Device,31,78,wifi,TH,2026-03-13 08:15,offline
REF-D5C64752,Android Device,31,46,5g,VN,2026-11-01 20:55,online
REF-F56CC04C,REF-Phone,33,43,4g,TH,2026-07-28 02:54,offline
REF-FEB670EE,Android Device,33,35,wifi,CN,2026-02-15 04:10,offline
REF-FF435EE0,Android Device,31,53,wifi,CN,2026-11-01 19:46,offline
REF-17BD1729,REF-Phone,30,19,wifi,TH,2026-11-19 14:40,online
REF-5AB7DE1F,Android Device,31,95,5g,TH,2026-01-15 18:45,offline
REF-1F00CBB6,REF-Phone,30,56,5g,CN,2026-10-23 23:34,online
REF-3A6747BE,REF-Phone,30,12,4g,VN,2026-01-10 13:47,online
REF-C0E7254F,Android Device,29,56,4g,TH,2026-10-02 00:26,offline
REF-B8541A20,REF-Tablet,33,94,wifi,CN,2026-11-03 01:26,offline
REF-9C328516,REF-Tablet,30,30,wifi,CN,2026-10-26 15:30,online
REF-5C2A41AA,REF-Phone,31,46,4g,CN,2026-10-20 08:56,offline
REF-4019A035,Android Device,33,91,5g,ID,2026-11-17 22:11,offline
REF-E33FE8C8,REF-Phone,34,100,5g,TH,2026-12-07 21:41,offline
REF-1BF43AD4,Android Device,29,63,4g,VN,2026-06-24 16:05,offline
REF-E9CCFCF8,Android Device,29,63,wifi,TH,2026-12-07 16:18,offline
REF-C276864C,Android Device,29,44,4g,ID,2026-01-14 08:24,offline
REF-5AADE2FF,REF-Tablet,30,81,4g,TH,2026-05-11 10:06,offline
REF-40BE2F0E,REF-Tablet,31,46,wifi,CN,2026-09-28 23:03,online
REF-79AF9235,REF-Tablet,31,34,wifi,VN,2026-08-16 22:10,offline
REF-4CAD27CB,REF-Phone,31,12,5g,CN,2026-08-11 06:22,online
REF-8BFFE877,REF-Phone,31,82,4g,CN,2026-02-08 17:15,online
REF-FB85EBC9,REF-Tablet,31,20,4g,TH,2026-10-23 06:58,offline
REF-93F0F032,REF-Phone,34,44,5g,ID,2026-08-14 22:03,offline
REF-33949AB5,REF-Tablet,31,43,wifi,TH,2026-04-06 18:42,online
REF-BF4A040A,Android Device,29,79,5g,VN,2026-07-03 05:59,online
REF-6F650A28,REF-Phone,30,85,5g,VN,2026-04-11 19:58,offline
REF-DA7E79EB,REF-Tablet,33,94,4g,TH,2026-08-05 10:41,online
REF-B0F89553,REF-Tablet,31,20,wifi,TH,2026-10-09 17:05,online
REF-75DE49E8,Android Device,29,28,5g,ID,2026-03-12 11:14,offline
REF-16F91BEC,REF-Phone,30,67,4g,TH,2026-09-14 08:24,offline
REF-EFCCCFDE,Android Device,29,99,4g,VN,2026-11-21 00:49,online
REF-66ED995C,REF-Phone,33,16,wifi,TH,2026-08-26 02:19,offline
REF-ADDF19FB,REF-Tablet,31,41,4g,CN,2026-11-27 08:58,online
REF-ADBDF620,REF-Phone,33,54,5g,ID,2026-01-15 12:38,online
REF-FC5319D9,REF-Phone,31,82,wifi,ID,2026-10-18 06:02,offline
REF-490572F4,Android Device,31,9,4g,TH,2026-04-10 08:45,online
REF-4E24D344,REF-Tablet,29,5,5g,ID,2026-01-27 16:21,online
REF-66C501DE,REF-Phone,33,74,wifi,TH,2026-07-20 12:11,online
REF-901B591F,Android Device,34,6,wifi,CN,2026-10-06 13:23,online
REF-FA451ECC,REF-Phone,30,88,5g,CN,2026-02-15 09:19,offline
REF-B84DAF6B,REF-Tablet,30,84,wifi,ID,2026-06-11 10:08,offline
REF-7A3909D7,Android Device,30,52,4g,ID,2026-02-02 18:15,online
REF-4A0F8BCF,Android Device,31,72,4g,TH,2026-11-10 23:02,online
REF-2368B997,Android Device,31,90,wifi,TH,2026-11-23 02:41,offline
REF-48AC61D6,REF-Phone,33,11,5g,TH,2026-07-23 20:48,online
REF-6B5D58FA,REF-Phone,31,23,5g,ID,2026-09-03 02:05,offline
REF-7D6E59FA,Android Device,31,80,4g,ID,2026-09-25 15:33,online
REF-E69A3895,REF-Tablet,31,43,4g,TH,2026-05-19 05:18,online
REF-3573DDDF,Android Device,31,16,5g,CN,2026-05-15 11:23,online
REF-1BE703E2,Android Device,33,51,4g,TH,2026-07-07 23:34,offline
REF-4C486EBB,REF-Tablet,30,65,4g,TH,2026-02-18 12:39,offline
REF-E328A48B,REF-Tablet,33,15,5g,CN,2026-06-02 00:11,offline
REF-8F0A542C,REF-Phone,34,84,wifi,VN,2026-01-13 14:51,offline
REF-C8D97BFF,REF-Tablet,33,70,wifi,TH,2026-03-08 01:02,online
REF-C1B4F3F1,REF-Phone,31,30,wifi,VN,2026-11-08 12:35,online
REF-63B0EB93,Android Device,33,75,5g,TH,2026-07-09 02:06,online
REF-9EAEE160,REF-Phone,30,95,4g,ID,2026-04-24 10:26,online
REF-1507766B,REF-Tablet,31,40,5g,VN,2026-06-04 23:44,offline
REF-52FB0C20,REF-Phone,29,56,5g,VN,2026-07-23 13:23,offline
REF-64E187CD,Android Device,31,17,wifi,CN,2026-12-18 01:39,online
REF-594D48F3,REF-Phone,29,57,4g,CN,2026-04-23 17:41,offline
REF-16F07463,REF-Tablet,34,38,5g,ID,2026-04-07 12:43,offline
REF-77F1902D,REF-Phone,34,78,4g,TH,2026-09-10 02:12,offline
REF-7CF7A128,REF-Phone,30,13,4g,VN,2026-07-13 03:23,offline
REF-523677CD,Android Device,29,9,4g,ID,2026-07-22 08:19,online
REF-877172C2,REF-Tablet,30,14,5g,TH,2026-10-25 16:30,offline
REF-1C6FC423,REF-Phone,31,7,wifi,ID,2026-03-12 12:58,offline
REF-399EF1FC,REF-Phone,34,6,wifi,CN,2026-02-23 10:02,offline
REF-48E1ECF1,REF-Phone,33,99,wifi,TH,2026-12-01 04:44,offline
REF-C24B8E71,Android Device,30,41,4g,VN,2026-12-04 11:41,offline
REF-65F4410A,REF-Tablet,31,44,wifi,TH,2026-01-25 16:07,online
REF-33E201C1,REF-Tablet,31,26,wifi,TH,2026-06-07 16:31,offline
REF-E96F8ACD,Android Device,31,84,wifi,VN,2026-06-28 01:20,online
REF-4069AEC6,REF-Phone,29,24,wifi,CN,2026-04-04 05:18,offline
REF-E12C1440,REF-Phone,33,90,5g,TH,2026-07-01 18:04,online
REF-3744FCE3,REF-Tablet,31,53,4g,TH,2026-07-15 22:46,online
REF-FADA293A,Android Device,30,73,5g,ID,2026-12-28 20:52,online
REF-BA16A135,Android Device,30,16,wifi,ID,2026-07-05 19:54,offline
REF-27A2269A,REF-Phone,29,22,4g,VN,2026-07-25 15:25,online
REF-7A40D1D9,REF-Tablet,30,66,wifi,ID,2026-04-14 06:05,offline
REF-298DED29,REF-Tablet,34,28,5g,VN,2026-02-05 23:17,offline
REF-728173DC,REF-Tablet,29,30,wifi,CN,2026-04-13 02:06,online
REF-1F4772BE,REF-Phone,33,10,4g,CN,2026-05-12 14:24,offline
REF-C927FC4B,REF-Phone,29,54,5g,VN,2026-01-01 11:17,offline
REF-F3A12589,REF-Phone,34,53,wifi,CN,2026-02-23 07:01,online
REF-4A7127DE,REF-Phone,30,14,wifi,ID,2026-04-25 06:43,offline
REF-880CE353,REF-Phone,30,62,wifi,ID,2026-05-19 07:22,offline
REF-74BC99D4,REF-Phone,29,88,wifi,TH,2026-02-12 06:57,offline
REF-A83C5F3B,Android Device,33,54,5g,VN,2026-08-18 12:05,offline
REF-B3E42472,REF-Tablet,31,21,4g,CN,2026-10-12 05:05,offline
REF-790F6251,REF-Phone,29,28,5g,ID,2026-02-27 11:29,offline
REF-B6903091,REF-Tablet,34,47,5g,TH,2026-07-27 16:43,offline
REF-28891D81,REF-Phone,30,68,wifi,TH,2026-05-10 21:43,online
REF-20CF5DFD,REF-Phone,34,33,wifi,TH,2026-01-03 09:20,offline
REF-4FCAD372,Android Device,34,91,5g,ID,2026-03-19 07:44,online
REF-4B79B948,REF-Phone,34,83,4g,ID,2026-04-23 06:07,online
REF-B2022BA7,REF-Phone,33,98,4g,CN,2026-04-24 23:49,online
REF-1437BE8D,REF-Phone,29,42,wifi,CN,2026-12-04 22:34,online
REF-B2DC7651,REF-Phone,30,93,wifi,TH,2026-10-27 14:32,offline
REF-9FE7D8F8,REF-Phone,34,9,5g,VN,2026-10-23 22:16,online
REF-902DD1E4,Android Device,29,49,4g,ID,2026-04-03 09:29,offline
REF-873C4D49,REF-Phone,34,36,4g,TH,2026-05-21 04:28,online
REF-7DEAFAEB,REF-Tablet,34,56,wifi,TH,2026-10-03 12:13,online
REF-25CE9F0D,REF-Tablet,33,52,wifi,TH,2026-04-16 17:34,online
REF-62054093,Android Device,30,57,wifi,TH,2026-06-02 11:00,online
REF-2D80CE95,Android Device,34,46,4g,ID,2026-08-02 02:18,online
REF-C3508541,REF-Tablet,31,100,5g,TH,2026-08-12 13:45,offline
REF-622950AA,REF-Phone,33,24,wifi,ID,2026-11-21 05:24,online
REF-BFF6C1BB,REF-Tablet,30,74,wifi,CN,2026-02-11 05:51,online
REF-4BD8E22C,REF-Tablet,33,74,wifi,CN,2026-08-19 17:28,offline
REF-C91A8079,Android Device,30,97,5g,ID,2026-09-07 21:54,online
REF-56D62672,REF-Phone,30,58,4g,ID,2026-10-20 07:32,online
REF-AE4F2087,REF-Tablet,31,82,wifi,VN,2026-07-07 19:15,offline
REF-EF30DF91,Android Device,33,7,4g,VN,2026-10-09 01:30,offline
REF-5A19D78B,REF-Phone,29,30,4g,ID,2026-08-20 09:59,online
REF-4A889394,Android Device,33,8,wifi,ID,2026-12-06 13:16,online
REF-4FA2581D,Android Device,33,70,5g,TH,2026-11-25 14:25,online
REF-6D89F045,REF-Tablet,29,14,4g,VN,2026-08-07 17:08,offline
REF-E65B2D9C,REF-Phone,30,46,wifi,CN,2026-12-02 15:03,online
REF-6B0D2095,REF-Phone,31,8,4g,ID,2026-12-17 19:19,offline
REF-615F4FFF,REF-Phone,34,71,4g,CN,2026-06-16 23:46,offline
REF-7331EF0A,REF-Phone,29,30,wifi,ID,2026-05-01 15:14,online
REF-B48603E6,Android Device,29,62,5g,CN,2026-05-18 11:06,offline
REF-E2EDBB4D,REF-Phone,29,43,5g,TH,2026-06-12 04:21,offline
REF-4E5706BD,REF-Tablet,31,66,wifi,VN,2026-02-19 16:14,offline
REF-FC422C64,Android Device,30,33,wifi,TH,2026-07-12 14:34,online
REF-9D18EFCD,Android Device,30,83,4g,VN,2026-03-19 08:53,online
REF-711630F7,REF-Phone,33,57,4g,VN,2026-09-27 04:57,offline
REF-BF9AA008,REF-Phone,33,64,wifi,VN,2026-10-01 08:24,offline
REF-FCDAE472,REF-Phone,33,87,4g,ID,2026-05-24 02:51,online
REF-FAAD19E9,REF-Tablet,29,93,4g,TH,2026-11-11 11:29,offline
REF-54C00A61,Android Device,33,24,4g,ID,2026-02-01 14:26,offline
REF-57587A56,REF-Phone,31,45,5g,CN,2026-12-18 13:08,offline
REF-A2A3B7A3,REF-Phone,33,56,wifi,ID,2026-06-04 17:53,online
REF-39FA1AF1,REF-Tablet,34,48,wifi,TH,2026-12-27 05:30,offline
REF-D245B9B6,REF-Phone,34,70,5g,CN,2026-10-14 13:07,offline
REF-9C96E9F8,REF-Phone,29,74,wifi,TH,2026-12-18 15:29,offline
REF-F2950349,REF-Phone,33,44,5g,VN,2026-01-06 17:42,offline
REF-7DB2EE91,Android Device,31,73,4g,TH,2026-12-17 00:45,online
REF-33007844,REF-Tablet,34,46,4g,TH,2026-08-22 21:05,offline
REF-5EA2ED10,REF-Phone,30,92,5g,CN,2026-01-17 22:02,online
REF-E9213394,REF-Phone,30,68,wifi,CN,2026-09-14 17:08,offline
REF-DA59A079,REF-Phone,29,7,wifi,TH,2026-09-16 12:18,offline
REF-5EB65185,REF-Tablet,34,40,5g,ID,2026-09-12 12:36,offline
REF-91CE4263,Android Device,31,75,wifi,CN,2026-04-20 23:48,offline
REF-91D744FA,REF-Phone,29,97,5g,TH,2026-07-16 20:12,online
REF-ED450887,Android Device,31,55,4g,TH,2026-11-09 07:03,online
REF-B62546C6,REF-Phone,34,38,5g,ID,2026-04-25 08:33,online
REF-3A824091,REF-Phone,31,42,wifi,VN,2026-07-12 02:49,online
REF-B35CB9C2,REF-Phone,33,31,5g,ID,2026-04-11 00:33,offline
REF-B2C092D2,Android Device,30,95,4g,CN,2026-12-25 00:15,offline
REF-6A8C4B4D,REF-Tablet,34,62,wifi,ID,2026-11-04 23:58,offline
REF-A9DDA060,Android Device,33,6,wifi,VN,2026-08-03 05:12,offline
REF-460BE0F4,Android Device,31,18,wifi,ID,2026-02-20 17:43,online
REF-7016F7DE,REF-Tablet,31,35,wifi,ID,2026-12-20 01:23,offline
REF-766E06A3,Android Device,33,56,5g,ID,2026-03-04 18:24,online
REF-4C19A9FA,Android Device,30,58,4g,CN,2026-07-02 21:55,online
REF-A536474B,REF-Tablet,30,65,5g,TH,2026-12-01 01:59,online
REF-1842DB2A,Android Device,33,14,4g,VN,2026-07-11 04:39,offline
REF-4F599E7B,Android Device,33,90,5g,ID,2026-01-12 18:32,online
REF-666B7393,REF-Phone,31,19,4g,VN,2026-10-23 19:09,online
REF-399E8630,Android Device,31,15,5g,TH,2026-10-07 10:34,offline
REF-339D6E1C,Android Device,29,98,4g,TH,2026-09-08 06:04,online
REF-222ECCA0,REF-Tablet,29,23,4g,CN,2026-10-09 05:14,online
REF-6250A346,Android Device,31,44,wifi,VN,2026-08-19 18:35,offline
REF-57993049,REF-Phone,29,78,5g,VN,2026-09-07 10:26,online
REF-937B09E9,REF-Tablet,31,94,4g,ID,2026-12-02 23:52,online
REF-259A77CC,Android Device,33,55,5g,ID,2026-12-27 02:03,online
REF-117FE149,REF-Phone,30,21,4g,VN,2026-11-02 17:26,online
REF-628F6DD1,Android Device,34,12,4g,CN,2026-10-28 09:40,offline
REF-FEB0FFB4,REF-Tablet,30,28,4g,VN,2026-06-07 09:05,online
REF-B369A280,REF-Phone,29,6,wifi,ID,2026-05-05 23:32,offline
REF-A3151781,Android Device,34,9,wifi,TH,2026-09-26 17:27,offline
REF-52E8F98C,Android Device,30,29,4g,CN,2026-05-01 17:31,online
REF-DB53A24B,REF-Tablet,30,61,wifi,TH,2026-12-15 07:13,online
REF-89790939,REF-Tablet,34,48,wifi,VN,2026-06-10 19:02,offline
REF-7AECD140,REF-Phone,34,31,wifi,TH,2026-12-07 05:03,offline
REF-BFAE65D5,REF-Phone,31,27,4g,ID,2026-04-06 12:30,offline
REF-2F707547,REF-Tablet,33,100,wifi,VN,2026-05-20 02:36,offline
REF-63CF7663,Android Device,31,78,4g,CN,2026-02-19 04:30,online
REF-C2EC265D,REF-Phone,30,95,5g,TH,2026-07-28 11:21,online
REF-B12FBE60,REF-Tablet,34,50,5g,ID,2026-11-03 11:29,offline
REF-2AC6339F,Android Device,29,18,5g,ID,2026-11-02 08:39,online
REF-34326989,REF-Tablet,29,17,wifi,CN,2026-11-10 14:56,online
REF-61FC23B8,REF-Tablet,34,52,5g,ID,2026-09-24 18:20,online
REF-A34105CC,Android Device,30,13,4g,CN,2026-04-20 03:59,offline
REF-DD52FE21,Android Device,30,19,4g,ID,2026-06-24 23:25,offline
REF-8BF72D4C,REF-Phone,30,10,wifi,ID,2026-09-11 08:18,online
REF-F5344756,Android Device,29,98,wifi,ID,2026-07-06 08:11,offline
REF-5E817DE4,REF-Tablet,31,71,5g,VN,2026-08-13 20:44,online
REF-BF767D60,REF-Phone,30,61,5g,CN,2026-01-10 22:36,offline
REF-541DC4A6,REF-Tablet,29,48,5g,TH,2026-03-14 00:20,offline
REF-CB3E4484,Android Device,31,19,wifi,TH,2026-01-23 08:43,offline
REF-230F646D,REF-Phone,29,78,5g,TH,2026-04-17 00:43,offline
REF-DA2B2438,Android Device,33,34,wifi,CN,2026-12-08 13:32,online
REF-A403FD90,Android Device,29,24,5g,TH,2026-04-21 06:46,offline
REF-6B80F1B1,REF-Phone,34,5,5g,ID,2026-06-24 15:47,offline
REF-D05F85F4,REF-Phone,30,23,4g,TH,2026-05-13 17:56,online
REF-D001F84E,REF-Phone,30,23,5g,TH,2026-07-03 16:22,online
REF-E5759A8A,Android Device,33,60,5g,VN,2026-05-07 01:44,online
REF-F60C9E60,REF-Tablet,29,34,4g,TH,2026-01-20 07:24,online
REF-6A76EA58,Android Device,29,54,5g,CN,2026-05-11 17:38,online
REF-C99B260B,Android Device,34,46,wifi,TH,2026-08-08 12:14,offline
REF-180AF2D4,REF-Tablet,34,27,wifi,TH,2026-07-16 15:17,online
REF-3118CD8E,REF-Tablet,30,10,wifi,ID,2026-03-01 04:06,online
REF-683F0EB5,REF-Tablet,29,51,4g,CN,2026-01-21 04:45,offline
REF-703C2D70,REF-Phone,33,13,4g,ID,2026-11-18 02:32,offline
REF-A1ABA9E3,REF-Phone,31,43,5g,CN,2026-04-09 18:54,offline
REF-8F9353B2,Android Device,31,74,wifi,TH,2026-09-17 13:26,offline
REF-6744BF9A,REF-Tablet,33,21,wifi,CN,2026-03-27 15:10,online
REF-4F66CA09,REF-Phone,30,69,wifi,ID,2026-06-12 08:39,offline
REF-D8B9A249,REF-Tablet,34,38,wifi,VN,2026-08-10 22:18,offline
REF-13E46282,Android Device,34,70,5g,ID,2026-01-15 02:52,offline
REF-C7526EBF,REF-Tablet,30,79,5g,TH,2026-02-15 12:28,online
REF-16AB5C55,Android Device,34,22,5g,ID,2026-07-22 11:52,online
REF-7B0032CA,REF-Tablet,29,31,wifi,CN,2026-08-12 19:16,offline
REF-76108398,Android Device,30,38,wifi,CN,2026-02-13 04:52,offline
REF-8104C682,REF-Phone,30,41,wifi,TH,2026-12-22 02:57,offline
REF-6BFC5129,Android Device,30,100,5g,ID,2026-07-16 00:55,offline
REF-C97B4664,REF-Tablet,30,29,4g,TH,2026-06-28 04:43,online
REF-6F113EA7,Android Device,34,62,wifi,VN,2026-04-17 11:52,online
REF-7B7737C9,REF-Phone,30,48,4g,VN,2026-12-10 19:57,online
REF-AB28DEE4,Android Device,31,80,5g,VN,2026-09-26 08:20,online
REF-BF21A3C2,Android Device,30,85,5g,ID,2026-06-19 02:56,online
REF-893CDE92,REF-Tablet,33,43,5g,CN,2026-04-10 09:19,online
REF-75489A99,REF-Phone,33,77,4g,VN,2026-03-05 04:20,online
REF-76323E76,REF-Phone,31,98,4g,CN,2026-07-13 11:21,online
REF-B8CE29F9,REF-Tablet,30,65,5g,ID,2026-09-15 23:15,offline
REF-452642DB,REF-Phone,34,32,5g,TH,2026-10-28 23:05,offline
REF-D3FAC59E,REF-Tablet,34,93,5g,ID,2026-09-11 09:42,offline
REF-92342909,REF-Phone,34,70,5g,VN,2026-09-20 18:04,offline
REF-EA0CC68F,REF-Phone,30,78,5g,CN,2026-08-16 11:24,offline
REF-1BB25C34,REF-Tablet,31,66,5g,ID,2026-06-22 20:35,offline
REF-2B0DE99E,Android Device,29,19,5g,VN,2026-04-24 03:20,online
REF-BC20C8BE,Android Device,31,47,4g,VN,2026-12-27 14:05,offline
REF-1BDE7E2F,REF-Tablet,34,50,wifi,TH,2026-09-13 08:15,offline
REF-BDA59334,Android Device,31,24,5g,VN,2026-11-21 09:22,offline
REF-54A44326,REF-Tablet,31,69,4g,VN,2026-06-27 06:41,offline
REF-55BF69F7,REF-Tablet,29,27,wifi,TH,2026-11-25 11:44,online
REF-3A5FE7A1,Android Device,30,94,4g,VN,2026-08-05 12:28,offline
REF-C2CE44E4,REF-Phone,34,53,5g,TH,2026-05-09 18:29,online
REF-5BCDCF88,REF-Tablet,30,63,4g,ID,2026-10-19 00:24,offline
REF-46CAD49B,REF-Phone,33,93,wifi,VN,2026-10-04 08:44,online
REF-2DD3C4BD,REF-Tablet,29,21,wifi,VN,2026-09-09 05:49,offline
REF-BC1CEC99,REF-Tablet,31,16,4g,CN,2026-06-04 21:28,offline
REF-7A11220A,REF-Phone,31,94,wifi,ID,2026-01-20 10:26,offline
REF-DC51DA8C,Android Device,30,72,5g,VN,2026-12-18 22:08,online
REF-FC39E12E,Android Device,29,83,5g,CN,2026-04-27 21:48,online
REF-4FC77166,REF-Phone,33,95,wifi,TH,2026-05-12 15:13,offline
REF-18C8C392,REF-Phone,30,78,wifi,ID,2026-08-27 03:12,offline
REF-F1B7129A,REF-Phone,34,50,4g,ID,2026-09-26 12:39,online
REF-C565C9D6,Android Device,29,87,4g,CN,2026-02-17 15:57,offline
REF-DB1879C0,Android Device,33,85,wifi,VN,2026-09-08 23:51,online
REF-1C0466C5,REF-Tablet,29,96,5g,CN,2026-09-15 00:16,online
REF-6802C01C,REF-Tablet,34,46,wifi,TH,2026-05-25 07:49,offline
REF-55F377F4,REF-Tablet,31,6,4g,TH,2026-09-20 04:28,offline
REF-253B568E,Android Device,33,29,4g,CN,2026-04-18 20:26,offline
REF-9F28BF45,Android Device,30,73,wifi,CN,2026-12-08 04:59,offline
REF-3CE33BBD,Android Device,30,67,wifi,VN,2026-01-27 14:57,online
REF-55ADF580,REF-Phone,31,48,5g,TH,2026-05-17 14:58,offline
REF-FE1F0872,Android Device,31,88,4g,CN,2026-05-14 03:54,offline
REF-51E01192,Android Device,30,55,wifi,VN,2026-10-17 04:42,offline
REF-AD0EB526,REF-Tablet,34,39,wifi,CN,2026-11-22 12:15,online
REF-D11E3168,Android Device,34,85,wifi,CN,2026-02-21 07:50,offline
REF-8C04DC72,REF-Phone,30,84,5g,TH,2026-08-27 21:43,offline
REF-809862E8,Android Device,30,91,4g,TH,2026-10-23 10:41,online
REF-EC45C033,Android Device,29,66,4g,VN,2026-06-06 08:11,offline
REF-257C49BC,REF-Tablet,29,76,5g,TH,2026-02-22 10:22,offline
REF-3DDAD25C,REF-Tablet,30,15,wifi,ID,2026-01-06 14:28,offline
REF-81D09744,REF-Tablet,31,44,wifi,VN,2026-03-21 21:31,offline
REF-7A9FC7B0,REF-Phone,29,41,5g,VN,2026-07-02 01:05,offline
REF-2C4D073A,Android Device,30,47,wifi,VN,2026-07-07 20:16,online
REF-7AC5D84C,REF-Phone,33,74,4g,VN,2026-08-20 16:10,offline
REF-10458D5C,Android Device,31,32,4g,VN,2026-03-25 11:50,online
REF-427143F1,REF-Tablet,30,79,wifi,CN,2026-01-27 16:00,offline
REF-B3486A3C,REF-Tablet,29,90,wifi,ID,2026-05-19 22:32,online
REF-7E739C33,Android Device,31,10,4g,CN,2026-07-27 01:47,offline
REF-4AA90ED0,REF-Tablet,31,70,5g,TH,2026-07-18 18:34,offline
REF-67EDB372,REF-Phone,33,25,5g,TH,2026-10-19 14:24,online
REF-16BEBA61,Android Device,34,9,wifi,TH,2026-05-02 16:07,online
REF-728EB7E9,REF-Tablet,29,65,wifi,ID,2026-06-02 13:39,offline
REF-195A80AF,Android Device,31,64,4g,CN,2026-06-04 21:52,offline
REF-2C73F504,REF-Tablet,34,35,5g,VN,2026-07-16 08:44,offline
REF-6ABD9065,REF-Phone,33,63,5g,TH,2026-01-24 17:10,online
REF-FC3B158F,REF-Tablet,31,100,5g,ID,2026-09-20 20:57,offline
REF-94D0E447,REF-Phone,31,6,wifi,ID,2026-01-26 02:44,offline
REF-4426DCC3,REF-Phone,33,42,5g,TH,2026-08-09 07:25,online
REF-CCD039EE,REF-Phone,30,14,wifi,CN,2026-01-13 02:13,offline
REF-9DDED4E3,REF-Phone,33,7,wifi,CN,2026-03-01 20:36,offline
REF-D94F74B4,REF-Tablet,30,85,4g,VN,2026-01-14 13:06,offline
REF-E874F2DC,Android Device,33,63,4g,VN,2026-12-07 13:02,offline
REF-8D2C012E,REF-Tablet,34,72,4g,VN,2026-10-18 13:26,offline
REF-1165EF67,REF-Phone,30,69,5g,ID,2026-04-10 20:10,online
REF-608685AB,Android Device,34,82,5g,ID,2026-04-24 04:45,online
REF-A2EE4F14,Android Device,30,5,5g,TH,2026-04-20 05:33,offline
REF-7AABCF93,REF-Tablet,29,86,wifi,VN,2026-05-06 21:48,offline
REF-1508DA0E,REF-Tablet,33,96,wifi,CN,2026-07-19 21:48,offline
REF-E4F0D482,Android Device,30,8,4g,VN,2026-05-02 16:23,online
REF-1E746157,REF-Tablet,29,57,4g,CN,2026-03-03 03:32,offline
REF-16CD9158,Android Device,30,22,4g,CN,2026-04-13 10:35,online
REF-9D51C917,REF-Phone,33,8,5g,ID,2026-12-08 01:19,offline
REF-66DD81BE,REF-Tablet,33,15,5g,CN,2026-08-05 13:19,offline
REF-C052FD98,REF-Tablet,31,21,wifi,TH,2026-03-08 08:48,offline
REF-6D332D93,Android Device,29,23,wifi,VN,2026-05-19 22:24,online
REF-F7CC395E,REF-Phone,33,91,5g,TH,2026-08-18 00:59,offline
REF-2ACA69D5,Android Device,34,61,4g,CN,2026-11-01 20:46,online
REF-E1D73427,Android Device,33,19,wifi,TH,2026-08-18 12:32,online
REF-6C81C303,REF-Tablet,33,45,5g,CN,2026-02-15 01:53,online
REF-2AB256C1,REF-Phone,31,86,wifi,ID,2026-09-15 19:10,online
REF-93D2DB05,REF-Phone,31,54,4g,TH,2026-04-05 19:21,offline
REF-5047B3A1,REF-Phone,30,12,wifi,CN,2026-09-16 20:39,online
REF-322B339F,REF-Tablet,30,25,4g,TH,2026-01-20 10:10,offline
REF-7BCD7582,REF-Phone,34,86,wifi,VN,2026-09-03 22:48,offline
REF-E0817DF0,REF-Phone,29,97,5g,ID,2026-10-27 19:44,offline
REF-F66F3A47,REF-Phone,33,57,5g,VN,2026-06-22 17:06,offline
REF-C30555B2,Android Device,34,95,wifi,CN,2026-05-17 01:44,online
REF-A70AF0F5,REF-Tablet,33,91,4g,ID,2026-06-21 16:23,online
REF-6AF3AE25,Android Device,29,94,5g,ID,2026-11-01 06:33,offline
REF-B09D1D0C,Android Device,30,72,5g,TH,2026-12-18 11:05,offline
REF-FD631386,REF-Phone,31,82,wifi,ID,2026-06-17 08:48,online
REF-5050B573,REF-Phone,29,73,4g,ID,2026-04-26 13:19,offline
REF-9B932E75,REF-Phone,34,58,5g,VN,2026-02-27 10:50,online
REF-B9E5CD28,REF-Tablet,31,69,4g,ID,2026-09-03 00:37,online
REF-A743389F,Android Device,31,35,wifi,TH,2026-11-17 16:07,offline
REF-9BCDD893,REF-Phone,30,38,5g,CN,2026-11-08 23:38,online
